course_code,course_name,course_type,group,scheduled,semester,day,start_time,end_time,lecturer,room,status,prerequisites,linked_courses
40130,אבטחת איכות,סופי-הרצאה+תרגול,264013005,True,קיץ,ב,17:00,18:50,גב' כהנא דפנה,201 פיקוס,פנוי,"[{""required"": ""הסקה סטטיסטית"", ""alternative"": ""סטטיסטיקה""}, {""required"": ""הסקה סטטיסטית"", ""alternative"": ""הסקה סטטיסטית""}]","[""264013005"", ""264013005/1""]"
40130,אבטחת איכות,סופי-הרצאה+תרגול,264013005,True,קיץ,ג,17:00,18:50,גב' כהנא דפנה,101 פיקוס,פנוי,"[{""required"": ""הסקה סטטיסטית"", ""alternative"": ""סטטיסטיקה""}, {""required"": ""הסקה סטטיסטית"", ""alternative"": ""הסקה סטטיסטית""}]","[""264013005"", ""264013005/1""]"
40130,אבטחת איכות,תרגול,264013005/1,True,קיץ,ב,19:00,19:50,גב' כהנא דפנה,201 פיקוס,פנוי,"[{""required"": ""הסקה סטטיסטית"", ""alternative"": ""סטטיסטיקה""}, {""required"": ""הסקה סטטיסטית"", ""alternative"": ""הסקה סטטיסטית""}]",[]
40130,אבטחת איכות,תרגול,264013005/1,True,קיץ,ג,19:00,19:50,גב' כהנא דפנה,101 פיקוס,פנוי,"[{""required"": ""הסקה סטטיסטית"", ""alternative"": ""סטטיסטיקה""}, {""required"": ""הסקה סטטיסטית"", ""alternative"": ""הסקה סטטיסטית""}]",[]
10313,אבטחת מידע,סופי-הרצאה+תרגול,261031308,False,,,,,,,פנוי,"[{""required"": ""תקשורת מחשבים לתוכנה"", ""alternative"": null}, {""required"": ""אלגברה ליניארית"", ""alternative"": null}, {""required"": ""מבוא להסתברות"", ""alternative"": null}]","[""261031308"", ""261031308/1""]"
10313,אבטחת מידע,תרגול,261031308/1,False,,,,,,,פנוי,"[{""required"": ""תקשורת מחשבים לתוכנה"", ""alternative"": null}, {""required"": ""אלגברה ליניארית"", ""alternative"": null}, {""required"": ""מבוא להסתברות"", ""alternative"": null}]",[]
30150,אלקטרוניקה,סופי-הרצאה+תרגול,263015005,True,קיץ,א,17:00,19:50,מר נמני יגאל,202 פיקוס,פנוי,"[{""required"": ""מבוא להנדסת חשמל ואלקטרוניקה"", ""alternative"": ""הנדסת חשמל 1""}, {""required"": ""אלקטרוניקה"", ""alternative"": null}]","[""263015005"", ""263015005/1""]"
30150,אלקטרוניקה,סופי-הרצאה+תרגול,263015005,True,קיץ,ה,17:00,19:50,מר נמני יגאל,208 פיקוס,פנוי,"[{""required"": ""מבוא להנדסת חשמל ואלקטרוניקה"", ""alternative"": ""הנדסת חשמל 1""}, {""required"": ""אלקטרוניקה"", ""alternative"": null}]","[""263015005"", ""263015005/1""]"
30150,אלקטרוניקה,תרגול,263015005/1,True,קיץ,א,20:00,21:50,מר נמני יגאל,202 פיקוס,פנוי,"[{""required"": ""מבוא להנדסת חשמל ואלקטרוניקה"", ""alternative"": ""הנדסת חשמל 1""}, {""required"": ""אלקטרוניקה"", ""alternative"": null}]",[]
30150,אלקטרוניקה,תרגול,263015005/1,True,קיץ,ה,20:00,21:50,מר נמני יגאל,208 פיקוס,פנוי,"[{""required"": ""מבוא להנדסת חשמל ואלקטרוניקה"", ""alternative"": ""הנדסת חשמל 1""}, {""required"": ""אלקטרוניקה"", ""alternative"": null}]",[]
20304,אלקטרוניקה ספרתית,סופי-הרצאה+תרגול,262030401,True,קיץ,ד,17:00,18:50,גב' ליבסטר אירנה,115 פיקוס,מלא,"[{""required"": ""מערכות ספרתיות"", ""alternative"": ""מערכות ספרתיות""}, {""required"": ""אלקטרוניקה תקבילית"", ""alternative"": ""מעגלים אלקטרוניים אנלוגיים1""}]","[""262030401"", ""262030401/1""]"
20304,אלקטרוניקה ספרתית,סופי-הרצאה+תרגול,262030401,True,קיץ,ה,17:00,18:50,גב' ליבסטר אירנה,115 פיקוס,מלא,"[{""required"": ""מערכות ספרתיות"", ""alternative"": ""מערכות ספרתיות""}, {""required"": ""אלקטרוניקה תקבילית"", ""alternative"": ""מעגלים אלקטרוניים אנלוגיים1""}]","[""262030401"", ""262030401/1""]"
20304,אלקטרוניקה ספרתית,סופי-הרצאה+תרגול,262030401,True,קיץ,ה,19:00,22:50,גב' ליבסטר אירנה,115 פיקוס,מלא,"[{""required"": ""מערכות ספרתיות"", ""alternative"": ""מערכות ספרתיות""}, {""required"": ""אלקטרוניקה תקבילית"", ""alternative"": ""מעגלים אלקטרוניים אנלוגיים1""}]","[""262030401"", ""262030401/1""]"
20304,אלקטרוניקה ספרתית,תרגול,262030401/1,True,קיץ,ד,19:00,20:50,גב' ליבסטר אירנה,115 פיקוס,מלא,"[{""required"": ""מערכות ספרתיות"", ""alternative"": ""מערכות ספרתיות""}, {""required"": ""אלקטרוניקה תקבילית"", ""alternative"": ""מעגלים אלקטרוניים אנלוגיים1""}]",[]
20304,אלקטרוניקה ספרתית,תרגול,262030401/1,True,קיץ,ד,21:00,22:50,גב' ליבסטר אירנה,115 פיקוס,מלא,"[{""required"": ""מערכות ספרתיות"", ""alternative"": ""מערכות ספרתיות""}, {""required"": ""אלקטרוניקה תקבילית"", ""alternative"": ""מעגלים אלקטרוניים אנלוגיים1""}]",[]
20125,אלקטרוניקה תקבילית,סופי-הרצאה+תרגול,262012501,True,קיץ,ג,17:00,18:50,"ד""ר שפט גבי",202 פיקוס,פנוי,"[{""required"": ""הנדסת חשמל ב'"", ""alternative"": ""הנדסת חשמל 2""}]","[""262012501"", ""262012501/1""]"
20125,אלקטרוניקה תקבילית,סופי-הרצאה+תרגול,262012501,True,קיץ,ג,19:00,20:50,"ד""ר שפט גבי",202 פיקוס,פנוי,"[{""required"": ""הנדסת חשמל ב'"", ""alternative"": ""הנדסת חשמל 2""}]","[""262012501"", ""262012501/1""]"
20125,אלקטרוניקה תקבילית,סופי-הרצאה+תרגול,262012501,True,קיץ,ד,17:00,20:50,"ד""ר שפט גבי",202 פיקוס,פנוי,"[{""required"": ""הנדסת חשמל ב'"", ""alternative"": ""הנדסת חשמל 2""}]","[""262012501"", ""262012501/1""]"
20125,אלקטרוניקה תקבילית,תרגול,262012501/1,True,קיץ,ו,08:00,09:50,"ד""ר שפט גבי",204 פיקוס,פנוי,"[{""required"": ""הנדסת חשמל ב'"", ""alternative"": ""הנדסת חשמל 2""}]",[]
20125,אלקטרוניקה תקבילית,תרגול,262012501/1,True,קיץ,ו,10:00,11:50,"ד""ר שפט גבי",204 פיקוס,פנוי,"[{""required"": ""הנדסת חשמל ב'"", ""alternative"": ""הנדסת חשמל 2""}]",[]
7203,אנגלית - מכינה בדרך לאפקה,סופי-הרצאה,260720302,True,קיץ,ד,17:00,21:50,גב' גרוסו פאולה,עתידים 2315,פנוי,[],[]
7203,אנגלית - מכינה בדרך לאפקה,סופי-הרצאה,260720303,True,קיץ,ב,08:00,12:50,"ד""ר חריזמן קרן (אנה)",עתידים 2304,מלא,[],[]
6001,אנגלית בסיסי (מתחילים),סופי-הרצאה,260600104,True,קיץ,ב,08:00,11:50,מר קרמה אלכסנדר,"מפ""ט תמר",רשימת המתנה,"[{""required"": ""אנגלית טרום בסיסי (מכינה)"", ""alternative"": ""אנגלית - מכינה בדרך לאפקה""}, {""required"": ""אנגלית טרום בסיסי (מכינה)"", ""alternative"": ""אנגלית1 - מכינה בדרך לאפקה""}]",[]
6001,אנגלית בסיסי (מתחילים),סופי-הרצאה,260600104,True,קיץ,ד,08:00,11:50,מר קרמה אלכסנדר,"מפ""ט אתרוג",רשימת המתנה,"[{""required"": ""אנגלית טרום בסיסי (מכינה)"", ""alternative"": ""אנגלית - מכינה בדרך לאפקה""}, {""required"": ""אנגלית טרום בסיסי (מכינה)"", ""alternative"": ""אנגלית1 - מכינה בדרך לאפקה""}]",[]
6001,אנגלית בסיסי (מתחילים),סופי-הרצאה,260600104,True,קיץ,ה,08:00,11:50,מר קרמה אלכסנדר,"מפ""ט תמר",רשימת המתנה,"[{""required"": ""אנגלית טרום בסיסי (מכינה)"", ""alternative"": ""אנגלית - מכינה בדרך לאפקה""}, {""required"": ""אנגלית טרום בסיסי (מכינה)"", ""alternative"": ""אנגלית1 - מכינה בדרך לאפקה""}]",[]
6001,אנגלית בסיסי (מתחילים),סופי-הרצאה,260600105,True,קיץ,א,16:00,19:50,גב' גולדבלט ליבוביץ נעה,"מפ""ט תמר",פנוי,"[{""required"": ""אנגלית טרום בסיסי (מכינה)"", ""alternative"": ""אנגלית - מכינה בדרך לאפקה""}, {""required"": ""אנגלית טרום בסיסי (מכינה)"", ""alternative"": ""אנגלית1 - מכינה בדרך לאפקה""}]",[]
6001,אנגלית בסיסי (מתחילים),סופי-הרצאה,260600105,True,קיץ,ג,16:00,19:50,גב' גולדבלט ליבוביץ נעה,"מפ""ט תמר",פנוי,"[{""required"": ""אנגלית טרום בסיסי (מכינה)"", ""alternative"": ""אנגלית - מכינה בדרך לאפקה""}, {""required"": ""אנגלית טרום בסיסי (מכינה)"", ""alternative"": ""אנגלית1 - מכינה בדרך לאפקה""}]",[]
6001,אנגלית בסיסי (מתחילים),סופי-הרצאה,260600105,True,קיץ,ה,16:00,19:50,גב' גולדבלט ליבוביץ נעה,"מפ""ט תמר",פנוי,"[{""required"": ""אנגלית טרום בסיסי (מכינה)"", ""alternative"": ""אנגלית - מכינה בדרך לאפקה""}, {""required"": ""אנגלית טרום בסיסי (מכינה)"", ""alternative"": ""אנגלית1 - מכינה בדרך לאפקה""}]",[]
6002,אנגלית מתקדמים א' (בינוניים),סופי-הרצאה,260600208,True,קיץ,ג,12:00,15:50,,"מפ""ט זית",פנוי,"[{""required"": ""אנגלית בסיסי (מתחילים)"", ""alternative"": null}]",[]
6002,אנגלית מתקדמים א' (בינוניים),סופי-הרצאה,260600208,True,קיץ,ו,08:00,11:50,,115 פיקוס,פנוי,"[{""required"": ""אנגלית בסיסי (מתחילים)"", ""alternative"": null}]",[]
6002,אנגלית מתקדמים א' (בינוניים),סופי-הרצאה,260600209,True,קיץ,ב,17:00,20:50,גב' וולפרט רחל,"מפ""ט זית",פנוי,"[{""required"": ""אנגלית בסיסי (מתחילים)"", ""alternative"": null}]",[]
6002,אנגלית מתקדמים א' (בינוניים),סופי-הרצאה,260600209,True,קיץ,ג,17:00,20:50,גב' וולפרט רחל,"מפ""ט זית",פנוי,"[{""required"": ""אנגלית בסיסי (מתחילים)"", ""alternative"": null}]",[]
6002,אנגלית מתקדמים א' (בינוניים),סופי-הרצאה,260600210,True,קיץ,א,16:00,19:50,"ד""ר גפנר מריה","מפ""ט זית",פנוי,"[{""required"": ""אנגלית בסיסי (מתחילים)"", ""alternative"": null}]",[]
6002,אנגלית מתקדמים א' (בינוניים),סופי-הרצאה,260600210,True,קיץ,ה,16:00,19:50,"ד""ר גפנר מריה","מפ""ט זית",פנוי,"[{""required"": ""אנגלית בסיסי (מתחילים)"", ""alternative"": null}]",[]
6002,אנגלית מתקדמים א' (בינוניים),סופי-הרצאה,260600211,True,קיץ,ב,08:00,11:50,גב' גרוסו פאולה,"מפ""ט זית",מלא,"[{""required"": ""אנגלית בסיסי (מתחילים)"", ""alternative"": null}]",[]
6002,אנגלית מתקדמים א' (בינוניים),סופי-הרצאה,260600211,True,קיץ,ה,08:00,11:50,גב' גרוסו פאולה,"מפ""ט זית",מלא,"[{""required"": ""אנגלית בסיסי (מתחילים)"", ""alternative"": null}]",[]
6003,אנגלית מתקדמים ב' (מתקדמים),סופי-הרצאה,260600312,True,קיץ,א,10:00,13:50,"ד""ר חריזמן קרן (אנה)","מפ""ט זית",מלא,"[{""required"": ""אנגלית מתקדמים א' (בינוניים)"", ""alternative"": null}]",[]
6003,אנגלית מתקדמים ב' (מתקדמים),סופי-הרצאה,260600312,True,קיץ,ג,10:00,13:50,"ד""ר חריזמן קרן (אנה)","מפ""ט אתרוג",מלא,"[{""required"": ""אנגלית מתקדמים א' (בינוניים)"", ""alternative"": null}]",[]
6003,אנגלית מתקדמים ב' (מתקדמים),סופי-הרצאה,260600313,True,קיץ,ד,09:00,12:50,גב' נסים רונלי,"מפ""ט זית",פנוי,"[{""required"": ""אנגלית מתקדמים א' (בינוניים)"", ""alternative"": null}]",[]
6003,אנגלית מתקדמים ב' (מתקדמים),סופי-הרצאה,260600313,True,קיץ,ו,09:00,12:50,גב' נסים רונלי,קריה ה'11 מעב דואלי,פנוי,"[{""required"": ""אנגלית מתקדמים א' (בינוניים)"", ""alternative"": null}]",[]
6003,אנגלית מתקדמים ב' (מתקדמים),סופי-הרצאה,260600314,True,קיץ,ב,09:00,12:50,גב' נסים רונלי,"מפ""ט אתרוג",מלא,"[{""required"": ""אנגלית מתקדמים א' (בינוניים)"", ""alternative"": null}]",[]
6003,אנגלית מתקדמים ב' (מתקדמים),סופי-הרצאה,260600314,True,קיץ,ה,09:00,12:50,גב' נסים רונלי,"מפ""ט אתרוג",מלא,"[{""required"": ""אנגלית מתקדמים א' (בינוניים)"", ""alternative"": null}]",[]
6003,אנגלית מתקדמים ב' (מתקדמים),סופי-הרצאה,260600315,True,קיץ,ד,12:00,15:50,גב' מרקס אן,"מפ""ט אתרוג",רשימת המתנה,"[{""required"": ""אנגלית מתקדמים א' (בינוניים)"", ""alternative"": null}]",[]
6003,אנגלית מתקדמים ב' (מתקדמים),סופי-הרצאה,260600315,True,קיץ,ה,12:00,15:50,גב' מרקס אן,"מפ""ט זית",רשימת המתנה,"[{""required"": ""אנגלית מתקדמים א' (בינוניים)"", ""alternative"": null}]",[]
6003,אנגלית מתקדמים ב' (מתקדמים),סופי-הרצאה,260600316,True,קיץ,ד,17:00,20:50,גב' מרקס אן,"מפ""ט זית",מלא,"[{""required"": ""אנגלית מתקדמים א' (בינוניים)"", ""alternative"": null}]",[]
6003,אנגלית מתקדמים ב' (מתקדמים),סופי-הרצאה,260600316,True,קיץ,ה,17:00,20:50,גב' מרקס אן,"מפ""ט אתרוג",מלא,"[{""required"": ""אנגלית מתקדמים א' (בינוניים)"", ""alternative"": null}]",[]
6003,אנגלית מתקדמים ב' (מתקדמים),סופי-הרצאה,260600317,True,קיץ,א,16:00,19:50,גב' קלף לואיז,"מפ""ט אתרוג",פנוי,"[{""required"": ""אנגלית מתקדמים א' (בינוניים)"", ""alternative"": null}]",[]
6003,אנגלית מתקדמים ב' (מתקדמים),סופי-הרצאה,260600317,True,קיץ,ג,16:00,19:50,גב' קלף לואיז,"מפ""ט אתרוג",פנוי,"[{""required"": ""אנגלית מתקדמים א' (בינוניים)"", ""alternative"": null}]",[]
90916,אנליזה הרמונית,סופי-הרצאה+תרגול,269091608,True,קיץ,ב,17:00,18:50,"ד""ר בן סימון גבריאל",202 פיקוס,רשימת המתנה,"[{""required"": ""חשבון דיפרנציאלי אינטגרלי2"", ""alternative"": null}, {""required"": ""משוואות דיפ' רגילות"", ""alternative"": null}]","[""269091608"", ""269091608/1""]"
90916,אנליזה הרמונית,סופי-הרצאה+תרגול,269091608,True,קיץ,ב,19:00,20:50,"ד""ר בן סימון גבריאל",202 פיקוס,רשימת המתנה,"[{""required"": ""חשבון דיפרנציאלי אינטגרלי2"", ""alternative"": null}, {""required"": ""משוואות דיפ' רגילות"", ""alternative"": null}]","[""269091608"", ""269091608/1""]"
90916,אנליזה הרמונית,תרגול,269091608/1,True,קיץ,א,17:00,18:50,גב' נמירובסקי אירינה,115 פיקוס,פנוי,"[{""required"": ""חשבון דיפרנציאלי אינטגרלי2"", ""alternative"": null}, {""required"": ""משוואות דיפ' רגילות"", ""alternative"": null}]",[]
90925,אנליזה נומרית,סופי-הרצאה+תרגול,269092510,True,קיץ,ב,19:00,21:50,"ד""ר סעדון תפארת",102 פיקוס,מלא,"[{""required"": ""חשבון דיפרנציאלי אינטגרלי2"", ""alternative"": null}, {""required"": ""אלגברה ליניארית"", ""alternative"": null}, {""required"": ""משוואות דיפ' רגילות"", ""alternative"": null}]","[""269092510"", ""269092510/1""]"
90925,אנליזה נומרית,סופי-הרצאה+תרגול,269092510,True,קיץ,ו,08:00,10:50,"ד""ר סעדון תפארת",114-פיקוס סיסקו וגם פרונטלי,מלא,"[{""required"": ""חשבון דיפרנציאלי אינטגרלי2"", ""alternative"": null}, {""required"": ""אלגברה ליניארית"", ""alternative"": null}, {""required"": ""משוואות דיפ' רגילות"", ""alternative"": null}]","[""269092510"", ""269092510/1""]"
90925,אנליזה נומרית,סופי-הרצאה+תרגול,269092511,True,קיץ,ג,19:00,21:50,פרופ' טל-עזר הלל,102 פיקוס,מלא,"[{""required"": ""חשבון דיפרנציאלי אינטגרלי2"", ""alternative"": null}, {""required"": ""אלגברה ליניארית"", ""alternative"": null}, {""required"": ""משוואות דיפ' רגילות"", ""alternative"": null}]","[""269092511"", ""269092511/1""]"
90925,אנליזה נומרית,סופי-הרצאה+תרגול,269092511,True,קיץ,ד,17:00,19:50,פרופ' טל-עזר הלל,102 פיקוס,מלא,"[{""required"": ""חשבון דיפרנציאלי אינטגרלי2"", ""alternative"": null}, {""required"": ""אלגברה ליניארית"", ""alternative"": null}, {""required"": ""משוואות דיפ' רגילות"", ""alternative"": null}]","[""269092511"", ""269092511/1""]"
90925,אנליזה נומרית,תרגול,269092510/1,True,קיץ,ב,17:00,18:50,מר ריקס חיים,102 פיקוס,מלא,"[{""required"": ""חשבון דיפרנציאלי אינטגרלי2"", ""alternative"": null}, {""required"": ""אלגברה ליניארית"", ""alternative"": null}, {""required"": ""משוואות דיפ' רגילות"", ""alternative"": null}]",[]
90925,אנליזה נומרית,תרגול,269092511/1,True,קיץ,ג,17:00,18:50,גב' נמירובסקי אירינה,102 פיקוס,מלא,"[{""required"": ""חשבון דיפרנציאלי אינטגרלי2"", ""alternative"": null}, {""required"": ""אלגברה ליניארית"", ""alternative"": null}, {""required"": ""משוואות דיפ' רגילות"", ""alternative"": null}]",[]
80935,אקזיסטנציאליזם: קריאה מודרכת,סופי-הרצאה,268093501,True,קיץ,ד,17:00,20:50,"ד""ר שהם יקותיאל","מפ""ט תמר",רשימת המתנה,[],[]
30130,גרפיקה הנדסית 1,סופי-הרצאה+מעבדה,263013004,True,קיץ,ב,17:00,18:50,מר זילברמן אילן,205 פיקוס,פנוי,[],"[""263013004"", ""263013004/1""]"
30130,גרפיקה הנדסית 1,סופי-הרצאה+מעבדה,263013004,True,קיץ,ב,19:00,20:50,מר זילברמן אילן,205 פיקוס,פנוי,[],"[""263013004"", ""263013004/1""]"
30130,גרפיקה הנדסית 1,מעבדה,263013004/1,True,קיץ,ג,17:00,18:50,מר זילברמן אילן,205 פיקוס,פנוי,[],[]
30130,גרפיקה הנדסית 1,מעבדה,263013004/1,True,קיץ,ג,19:00,20:50,מר זילברמן אילן,205 פיקוס,פנוי,[],[]
30131,גרפיקה הנדסית 2,סופי-הרצאה+מעבדה,263013104,True,קיץ,א,17:00,18:50,מר זילברמן אילן,201 פיקוס,רשימת המתנה,"[{""required"": ""גרפיקה הנדסית 1"", ""alternative"": ""גרפיקה הנדסית להנדסה רפואית""}]","[""263013104"", ""263013104/1""]"
30131,גרפיקה הנדסית 2,סופי-הרצאה+מעבדה,263013104,True,קיץ,א,19:00,20:50,מר זילברמן אילן,201 פיקוס,רשימת המתנה,"[{""required"": ""גרפיקה הנדסית 1"", ""alternative"": ""גרפיקה הנדסית להנדסה רפואית""}]","[""263013104"", ""263013104/1""]"
30131,גרפיקה הנדסית 2,מעבדה,263013104/1,True,קיץ,ד,17:00,18:50,מר זילברמן אילן,203 פיקוס,פנוי,"[{""required"": ""גרפיקה הנדסית 1"", ""alternative"": ""גרפיקה הנדסית להנדסה רפואית""}]",[]
30131,גרפיקה הנדסית 2,מעבדה,263013104/1,True,קיץ,ד,19:00,20:50,מר זילברמן אילן,203 פיקוס,פנוי,"[{""required"": ""גרפיקה הנדסית 1"", ""alternative"": ""גרפיקה הנדסית להנדסה רפואית""}]",[]
30247,דינמיקה ובקרת כלי טייס,סופי-הרצאה+תרגול,263024701,True,קיץ,ו,08:00,11:50,מר מסאס רם,102 פיקוס,פנוי,"[{""required"": ""תורת הבקרה"", ""alternative"": ""מבוא לבקרה""}, {""required"": ""פיזיקה-מכניקה"", ""alternative"": null}]","[""263024701"", ""263024701/1""]"
30247,דינמיקה ובקרת כלי טייס,תרגול,263024701/1,True,קיץ,ו,12:00,13:50,מר מסאס רם,102 פיקוס,פנוי,"[{""required"": ""תורת הבקרה"", ""alternative"": ""מבוא לבקרה""}, {""required"": ""פיזיקה-מכניקה"", ""alternative"": null}]",[]
80906,היזמים ששינו את העולם,סופי-הרצאה,268090601,True,קיץ,ב,09:00,12:50,"ד""ר כהן צמח ירון","מפ""ט רימון",מלא,[],[]
20381,הינע חשמלי ואלקטרוני,סופי-הרצאה+תרגול,262038101,True,קיץ,ג,17:00,18:50,"ד""ר מיטב נדה",301 פיקוס,פנוי,"[{""required"": ""ייצור והמרת אנרגיה"", ""alternative"": null}]","[""262038101"", ""262038101/1""]"
20381,הינע חשמלי ואלקטרוני,סופי-הרצאה+תרגול,262038101,True,קיץ,ה,19:00,20:50,"ד""ר מיטב נדה",301 פיקוס,פנוי,"[{""required"": ""ייצור והמרת אנרגיה"", ""alternative"": null}]","[""262038101"", ""262038101/1""]"
20381,הינע חשמלי ואלקטרוני,תרגול,262038101/1,True,קיץ,ה,17:00,18:50,"ד""ר מיטב נדה",301 פיקוס,פנוי,"[{""required"": ""ייצור והמרת אנרגיה"", ""alternative"": null}]",[]
20381,הינע חשמלי ואלקטרוני,תרגול,262038101/1,True,קיץ,ה,21:00,22:50,"ד""ר מיטב נדה",301 פיקוס,פנוי,"[{""required"": ""ייצור והמרת אנרגיה"", ""alternative"": null}]",[]
40246,הנדסת נתונים מבוססי ענן,סופי-הרצאה,264024601,True,קיץ,א,18:00,20:50,מר קוך גדעון,101 פיקוס,מלא,"[{""required"": ""טכנולוגיות אינטרנט למערכות מידע"", ""alternative"": ""טכנולוגיות אינטרנט למערכות מידע""}]",[]
40246,הנדסת נתונים מבוססי ענן,סופי-הרצאה,264024601,True,קיץ,ב,17:00,19:50,מר קוך גדעון,101 פיקוס,מלא,"[{""required"": ""טכנולוגיות אינטרנט למערכות מידע"", ""alternative"": ""טכנולוגיות אינטרנט למערכות מידע""}]",[]
40104,הנדסת שיטות,סופי-הרצאה+תרגול,264010405,True,קיץ,א,17:00,19:50,מר בן יעקב יואב,204 פיקוס,פנוי,"[{""required"": ""הסקה סטטיסטית"", ""alternative"": ""סטטיסטיקה""}, {""required"": ""הסקה סטטיסטית"", ""alternative"": ""הסקה סטטיסטית""}, {""required"": ""מבוא להנדסת תעשייה"", ""alternative"": null}]","[""264010405"", ""264010405/1""]"
40104,הנדסת שיטות,סופי-הרצאה+תרגול,264010405,True,קיץ,ג,17:00,19:50,מר בן יעקב יואב,103 מעב' דואלי פיקוס,פנוי,"[{""required"": ""הסקה סטטיסטית"", ""alternative"": ""סטטיסטיקה""}, {""required"": ""הסקה סטטיסטית"", ""alternative"": ""הסקה סטטיסטית""}, {""required"": ""מבוא להנדסת תעשייה"", ""alternative"": null}]","[""264010405"", ""264010405/1""]"
40104,הנדסת שיטות,תרגול,264010405/1,True,קיץ,א,20:00,21:50,מר בן יעקב יואב,204 פיקוס,פנוי,"[{""required"": ""הסקה סטטיסטית"", ""alternative"": ""סטטיסטיקה""}, {""required"": ""הסקה סטטיסטית"", ""alternative"": ""הסקה סטטיסטית""}, {""required"": ""מבוא להנדסת תעשייה"", ""alternative"": null}]",[]
40104,הנדסת שיטות,תרגול,264010405/1,True,קיץ,ג,20:00,21:50,מר בן יעקב יואב,103 מעב' דואלי פיקוס,פנוי,"[{""required"": ""הסקה סטטיסטית"", ""alternative"": ""סטטיסטיקה""}, {""required"": ""הסקה סטטיסטית"", ""alternative"": ""הסקה סטטיסטית""}, {""required"": ""מבוא להנדסת תעשייה"", ""alternative"": null}]",[]
20132,התקני מוליכים למחצה,סופי-הרצאה+תרגול,262013204,True,קיץ,ד,13:00,16:50,"ד""ר אפרת אבישי",201 פיקוס,פנוי,"[{""required"": ""מבוא להסתברות"", ""alternative"": null}, {""required"": ""משוואות דיפ' רגילות"", ""alternative"": null}, {""required"": ""פיזיקה מודרנית"", ""alternative"": ""פיזיקה מודרנית להנדסה רפואית""}]","[""262013204"", ""262013204/1""]"
20132,התקני מוליכים למחצה,סופי-הרצאה+תרגול,262013204,True,קיץ,ה,14:00,16:50,"ד""ר אפרת אבישי",202 פיקוס,פנוי,"[{""required"": ""מבוא להסתברות"", ""alternative"": null}, {""required"": ""משוואות דיפ' רגילות"", ""alternative"": null}, {""required"": ""פיזיקה מודרנית"", ""alternative"": ""פיזיקה מודרנית להנדסה רפואית""}]","[""262013204"", ""262013204/1""]"
20132,התקני מוליכים למחצה,תרגול,262013204/1,True,קיץ,ב,16:00,19:50,"ד""ר אפרת אבישי",302 פיקוס,פנוי,"[{""required"": ""מבוא להסתברות"", ""alternative"": null}, {""required"": ""משוואות דיפ' רגילות"", ""alternative"": null}, {""required"": ""פיזיקה מודרנית"", ""alternative"": ""פיזיקה מודרנית להנדסה רפואית""}]",[]
30221,חלקי מכונות 1,סופי-הרצאה+תרגול,263022102,True,קיץ,ב,20:00,21:50,גב' זמיר (מרקמן) אלה,251 פיקוס,פנוי,"[{""required"": ""חוזק חומרים 1"", ""alternative"": null}, {""required"": ""תורת החומרים"", ""alternative"": ""תורת החומרים 1""}]","[""263022102"", ""263022102/1""]"
30221,חלקי מכונות 1,סופי-הרצאה+תרגול,263022102,True,קיץ,ג,20:00,21:50,גב' זמיר (מרקמן) אלה,251 פיקוס,פנוי,"[{""required"": ""חוזק חומרים 1"", ""alternative"": null}, {""required"": ""תורת החומרים"", ""alternative"": ""תורת החומרים 1""}]","[""263022102"", ""263022102/1""]"
30221,חלקי מכונות 1,תרגול,263022102/1,True,קיץ,ב,17:00,19:50,גב' זמיר (מרקמן) אלה,251 פיקוס,פנוי,"[{""required"": ""חוזק חומרים 1"", ""alternative"": null}, {""required"": ""תורת החומרים"", ""alternative"": ""תורת החומרים 1""}]",[]
30221,חלקי מכונות 1,תרגול,263022102/1,True,קיץ,ג,17:00,19:50,גב' זמיר (מרקמן) אלה,251 פיקוס,פנוי,"[{""required"": ""חוזק חומרים 1"", ""alternative"": null}, {""required"": ""תורת החומרים"", ""alternative"": ""תורת החומרים 1""}]",[]
80968,יזמות בבנייה למגורים,סופי-הרצאה,268096801,True,קיץ,ה,08:00,11:50,מר גינסבורג זאב,קריה ה'4,מלא,[],[]
40114,ייצור ממוחשב,סופי-מעבדה,264011409,True,קיץ,ב,17:00,18:50,מר רוש גרגורי,204 פיקוס,פנוי,[],[]
40114,ייצור ממוחשב,סופי-מעבדה,264011409,True,קיץ,ב,19:00,20:50,מר רוש גרגורי,204 פיקוס,פנוי,[],[]
7204,יסודות למדעי המחשב והנתונים - מכינה בדרך,סופי-הרצאה,260720401,True,קיץ,ב,13:00,16:50,מר בנגיאט עמית,עתידים 2311,מלא,[],[]
7204,יסודות למדעי המחשב והנתונים - מכינה בדרך,סופי-הרצאה,260720401,True,קיץ,ג,08:00,09:50,מר בנגיאט עמית,עתידים 2305,מלא,[],[]
7204,יסודות למדעי המחשב והנתונים - מכינה בדרך,סופי-הרצאה,260720401,True,קיץ,ג,10:00,11:50,מר כהן תום,עתידים 2305,מלא,[],[]
7204,יסודות למדעי המחשב והנתונים - מכינה בדרך,סופי-הרצאה,260720401,True,קיץ,ה,14:00,17:50,מר כהן תום,עתידים 2307,מלא,[],[]
7015,יסודות תכנות והחשיבה הלוגית,סופי-הרצאה,260701501,True,קיץ,א,13:00,17:50,,עתידים 2315,פנוי,[],[]
7015,יסודות תכנות והחשיבה הלוגית,סופי-הרצאה,260701501,True,קיץ,ב,13:00,17:50,,עתידים 2315,פנוי,[],[]
7015,יסודות תכנות והחשיבה הלוגית,סופי-הרצאה,260701501,True,קיץ,ג,13:00,17:50,,עתידים 2316,פנוי,[],[]
7015,יסודות תכנות והחשיבה הלוגית,סופי-הרצאה,260701501,True,קיץ,ה,13:00,17:50,,עתידים 2316,פנוי,[],[]
10142,כלי פיתוח,סופי-מעבדה,261014203,True,קיץ,ה,17:00,18:50,מר רוטברג ליאור,ז'2 קריה - עגלת תחשבים,מלא,[],[]
10142,כלי פיתוח,סופי-מעבדה,261014203,True,קיץ,ה,19:00,20:50,מר רוטברג ליאור,ז'2 קריה - עגלת תחשבים,מלא,[],[]
40266,כלכלת מערכות מידע,סופי-הרצאה,264026601,True,קיץ,ג,21:00,22:50,"ד""ר זילברשלג שמעון",114-פיקוס סיסקו וגם פרונטלי,מלא,"[{""required"": ""מבוא למערכות מידע"", ""alternative"": ""מבוא למערכות מידע""}, {""required"": ""כלכלה הנדסית"", ""alternative"": ""כלכלה הנדסית להנדסה מכנית""}]",[]
40266,כלכלת מערכות מידע,סופי-הרצאה,264026601,True,קיץ,ד,20:00,21:50,"ד""ר זילברשלג שמעון",102 פיקוס,מלא,"[{""required"": ""מבוא למערכות מידע"", ""alternative"": ""מבוא למערכות מידע""}, {""required"": ""כלכלה הנדסית"", ""alternative"": ""כלכלה הנדסית להנדסה מכנית""}]",[]
40225,כריית מידע,סופי-הרצאה+תרגול,264022505,True,קיץ,ג,17:00,18:50,מר שמטניק פבל,208 פיקוס,רשימת המתנה,"[{""required"": ""בסיסי נתונים"", ""alternative"": ""בסיסי נתונים""}, {""required"": ""מבוא להסתברות"", ""alternative"": null}]","[""264022505"", ""264022505/1""]"
40225,כריית מידע,סופי-הרצאה+תרגול,264022505,True,קיץ,ה,20:00,21:50,מר שמטניק פבל,201 פיקוס,רשימת המתנה,"[{""required"": ""בסיסי נתונים"", ""alternative"": ""בסיסי נתונים""}, {""required"": ""מבוא להסתברות"", ""alternative"": null}]","[""264022505"", ""264022505/1""]"
40225,כריית מידע,תרגול,264022505/1,True,קיץ,ג,19:00,20:50,מר שמטניק פבל,208 פיקוס,פנוי,"[{""required"": ""בסיסי נתונים"", ""alternative"": ""בסיסי נתונים""}, {""required"": ""מבוא להסתברות"", ""alternative"": null}]",[]
80909,כתיבה עסקית בסביבה טכנולוגית,סופי-הרצאה,268090901,True,קיץ,א,14:00,17:50,מר כהן רן,"מפ""ט יעד",מלא,[],[]
8080,לומדה למניעת הטרדה מינית-און ליין,סופי-הרצאה,260808003,False,,,,,,,פנוי,[],[]
90911,מבוא להסתברות,סופי-הרצאה+תרגול,269091110,False,,,,,,,מלא,"[{""required"": ""חשבון דיפרנציאלי אינטגרלי1"", ""alternative"": null}]","[""269091110"", ""269091110/1""]"
90911,מבוא להסתברות,תרגול,269091110/1,True,קיץ,ג,17:00,18:50,גב' יעקובוב רבקה,קריה ה'11 מעב דואלי,מלא,"[{""required"": ""חשבון דיפרנציאלי אינטגרלי1"", ""alternative"": null}]",[]
20221,מבוא לחישוב קוונטי,סופי-הרצאה+תרגול,262022101,True,קיץ,ד,18:00,20:50,מר ערו מוחמד,101 פיקוס,פנוי,"[{""required"": ""מערכות ספרתיות"", ""alternative"": ""מערכות ספרתיות""}, {""required"": ""אלגברה ליניארית"", ""alternative"": null}, {""required"": ""מבוא להסתברות"", ""alternative"": null}, {""required"": ""פיזיקה מודרנית"", ""alternative"": null}]","[""262022101"", ""262022101/1""]"
20221,מבוא לחישוב קוונטי,סופי-הרצאה+תרגול,262022101,True,קיץ,ה,14:00,16:50,מר ערו מוחמד,103 מעב' דואלי פיקוס,פנוי,"[{""required"": ""מערכות ספרתיות"", ""alternative"": ""מערכות ספרתיות""}, {""required"": ""אלגברה ליניארית"", ""alternative"": null}, {""required"": ""מבוא להסתברות"", ""alternative"": null}, {""required"": ""פיזיקה מודרנית"", ""alternative"": null}]","[""262022101"", ""262022101/1""]"
20221,מבוא לחישוב קוונטי,תרגול,262022101/1,True,קיץ,ד,21:00,21:50,מר ערו מוחמד,101 פיקוס,פנוי,"[{""required"": ""מערכות ספרתיות"", ""alternative"": ""מערכות ספרתיות""}, {""required"": ""אלגברה ליניארית"", ""alternative"": null}, {""required"": ""מבוא להסתברות"", ""alternative"": null}, {""required"": ""פיזיקה מודרנית"", ""alternative"": null}]",[]
20221,מבוא לחישוב קוונטי,תרגול,262022101/1,True,קיץ,ה,17:00,17:50,מר ערו מוחמד,103 מעב' דואלי פיקוס,פנוי,"[{""required"": ""מערכות ספרתיות"", ""alternative"": ""מערכות ספרתיות""}, {""required"": ""אלגברה ליניארית"", ""alternative"": null}, {""required"": ""מבוא להסתברות"", ""alternative"": null}, {""required"": ""פיזיקה מודרנית"", ""alternative"": null}]",[]
10016,מבוא למדעי המחשב,סופי-הרצאה+תרגול,261001618,True,קיץ,ה,17:00,21:00,מר קרני ירדן,202 פיקוס,רשימת המתנה,[],"[""261001618"", ""261001618/1""]"
10016,מבוא למדעי המחשב,סופי-הרצאה+תרגול,261001618,True,קיץ,ה,21:00,22:50,מר קרני ירדן,202 פיקוס,רשימת המתנה,[],"[""261001618"", ""261001618/1""]"
10016,מבוא למדעי המחשב,סופי-הרצאה+תרגול,261001622,True,קיץ,ה,17:00,19:50,גב' גולד הדר,205 פיקוס,פנוי,[],"[""261001622"", ""261001622/1""]"
10016,מבוא למדעי המחשב,סופי-הרצאה+תרגול,261001622,True,קיץ,ה,20:00,22:50,גב' גולד הדר,205 פיקוס,פנוי,[],"[""261001622"", ""261001622/1""]"
10016,מבוא למדעי המחשב,תרגול,261001618/1,True,קיץ,ג,17:00,21:00,מר קרני ירדן,201 פיקוס,פנוי,[],[]
10016,מבוא למדעי המחשב,תרגול,261001618/1,True,קיץ,ג,21:00,22:50,מר קרני ירדן,201 פיקוס,פנוי,[],[]
10016,מבוא למדעי המחשב,תרגול,261001622/1,True,קיץ,ג,17:00,22:50,גב' גולד הדר,207 פיקוס,פנוי,[],[]
40251,מבוא למערכות המלצה,סופי-הרצאה,264025101,True,קיץ,ו,08:00,10:50,"ד""ר כספי עומר",203 פיקוס,מלא,"[{""required"": ""ניתוח ותכנון מערכות מידע"", ""alternative"": ""ניתוח ותכנון מערכות מידע""}, {""required"": ""מבוא למערכות המלצה"", ""alternative"": null}]",[]
40251,מבוא למערכות המלצה,סופי-הרצאה,264025101,True,קיץ,ו,11:00,13:50,"ד""ר כספי עומר",203 פיקוס,מלא,"[{""required"": ""ניתוח ותכנון מערכות מידע"", ""alternative"": ""ניתוח ותכנון מערכות מידע""}, {""required"": ""מבוא למערכות המלצה"", ""alternative"": null}]",[]
20332,מבוא לעיבוד תמונה,סופי-הרצאה+תרגול,262033202,True,קיץ,ב,17:00,18:50,"ד""ר טריגנו תום",301 פיקוס,פנוי,"[{""required"": ""מבוא לעיבוד ספרתי של אותות"", ""alternative"": ""מבוא לעיבוד ספרתי של אותות""}]","[""262033202"", ""262033202/1""]"
20332,מבוא לעיבוד תמונה,סופי-הרצאה+תרגול,262033202,True,קיץ,ג,17:00,18:50,"ד""ר טריגנו תום",204 פיקוס,פנוי,"[{""required"": ""מבוא לעיבוד ספרתי של אותות"", ""alternative"": ""מבוא לעיבוד ספרתי של אותות""}]","[""262033202"", ""262033202/1""]"
20332,מבוא לעיבוד תמונה,תרגול,262033202/1,True,קיץ,ב,19:00,19:50,"ד""ר טריגנו תום",301 פיקוס,פנוי,"[{""required"": ""מבוא לעיבוד ספרתי של אותות"", ""alternative"": ""מבוא לעיבוד ספרתי של אותות""}]",[]
20332,מבוא לעיבוד תמונה,תרגול,262033202/1,True,קיץ,ג,19:00,19:50,"ד""ר טריגנו תום",204 פיקוס,פנוי,"[{""required"": ""מבוא לעיבוד ספרתי של אותות"", ""alternative"": ""מבוא לעיבוד ספרתי של אותות""}]",[]
80960,"מבוא לפכ""מ",סופי-הרצאה,268096001,True,קיץ,ה,17:00,20:50,"עו""ד ליואי עדי","מפ""ט גפן",פנוי,[],[]
80947,מבוא לשיטות מחקר,סופי-הרצאה,268094701,True,קיץ,ג,14:00,17:50,"ד""ר רוס גיא משה",קריה ה'5,פנוי,[],[]
20127,מבוא לתהליכים אקראיים,סופי-הרצאה+תרגול,262012705,True,קיץ,ו,08:00,13:50,מר הדס ניסים,208 פיקוס,מלא,"[{""required"": ""מבוא לאותות ומערכות"", ""alternative"": ""מבוא לאותות ומערכות""}, {""required"": ""מבוא להסתברות"", ""alternative"": null}]","[""262012705"", ""262012705/1""]"
20127,מבוא לתהליכים אקראיים,תרגול,262012705/1,True,קיץ,א,15:00,16:50,מר הדס ניסים,205 פיקוס,מלא,"[{""required"": ""מבוא לאותות ומערכות"", ""alternative"": ""מבוא לאותות ומערכות""}, {""required"": ""מבוא להסתברות"", ""alternative"": null}]",[]
40134,מבוא לתעשייה4.0,סופי-הרצאה,264013406,True,קיץ,ד,17:00,19:50,"ד""ר יניב שרית",355 מעב' אותות/משובצות,מלא,"[{""required"": ""מבוא למדעי המחשב"", ""alternative"": ""מבוא למדעי המחשב""}, {""required"": ""מבוא למדעי המחשב"", ""alternative"": ""מבוא לתכנות פיתון""}, {""required"": ""מבוא למדעי המחשב"", ""alternative"": ""מבוא לתכנות פיתון""}]",[]
40134,מבוא לתעשייה4.0,סופי-הרצאה,264013406,True,קיץ,ה,17:00,19:50,"ד""ר יניב שרית",355 מעב' אותות/משובצות,מלא,"[{""required"": ""מבוא למדעי המחשב"", ""alternative"": ""מבוא למדעי המחשב""}, {""required"": ""מבוא למדעי המחשב"", ""alternative"": ""מבוא לתכנות פיתון""}, {""required"": ""מבוא למדעי המחשב"", ""alternative"": ""מבוא לתכנות פיתון""}]",[]
10117,מבני נתונים,סופי-הרצאה+תרגול,261011702,True,קיץ,א,20:00,21:50,מר גנוט יצחק,ז'2 קריה - עגלת תחשבים,פנוי,"[{""required"": ""מבוא למדעי המחשב"", ""alternative"": ""מבוא למדעי המחשב""}, {""required"": ""מבוא למדעי המחשב"", ""alternative"": ""מבוא לתכנות פיתון""}, {""required"": ""מבוא למדעי המחשב"", ""alternative"": ""מבוא לתכנות פיתון""}, {""required"": ""תכנות מונחה עצמים"", ""alternative"": null}, {""required"": ""תכנות מונחה עצמים"", ""alternative"": null}, {""required"": ""תכנות מונחה עצמים"", ""alternative"": null}]","[""261011702"", ""261011702/1""]"
10117,מבני נתונים,סופי-הרצאה+תרגול,261011702,True,קיץ,ב,17:00,18:50,מר גנוט יצחק,קריה ה'11 מעב דואלי,פנוי,"[{""required"": ""מבוא למדעי המחשב"", ""alternative"": ""מבוא למדעי המחשב""}, {""required"": ""מבוא למדעי המחשב"", ""alternative"": ""מבוא לתכנות פיתון""}, {""required"": ""מבוא למדעי המחשב"", ""alternative"": ""מבוא לתכנות פיתון""}, {""required"": ""תכנות מונחה עצמים"", ""alternative"": null}, {""required"": ""תכנות מונחה עצמים"", ""alternative"": null}, {""required"": ""תכנות מונחה עצמים"", ""alternative"": null}]","[""261011702"", ""261011702/1""]"
10117,מבני נתונים,סופי-הרצאה+תרגול,261011702,True,קיץ,ב,19:00,20:50,מר גנוט יצחק,קריה ה'11 מעב דואלי,פנוי,"[{""required"": ""מבוא למדעי המחשב"", ""alternative"": ""מבוא למדעי המחשב""}, {""required"": ""מבוא למדעי המחשב"", ""alternative"": ""מבוא לתכנות פיתון""}, {""required"": ""מבוא למדעי המחשב"", ""alternative"": ""מבוא לתכנות פיתון""}, {""required"": ""תכנות מונחה עצמים"", ""alternative"": null}, {""required"": ""תכנות מונחה עצמים"", ""alternative"": null}, {""required"": ""תכנות מונחה עצמים"", ""alternative"": null}]","[""261011702"", ""261011702/1""]"
10117,מבני נתונים,סופי-הרצאה+תרגול,261011702,True,קיץ,ג,19:00,20:50,מר גנוט יצחק,קריה ה'11 מעב דואלי,פנוי,"[{""required"": ""מבוא למדעי המחשב"", ""alternative"": ""מבוא למדעי המחשב""}, {""required"": ""מבוא למדעי המחשב"", ""alternative"": ""מבוא לתכנות פיתון""}, {""required"": ""מבוא למדעי המחשב"", ""alternative"": ""מבוא לתכנות פיתון""}, {""required"": ""תכנות מונחה עצמים"", ""alternative"": null}, {""required"": ""תכנות מונחה עצמים"", ""alternative"": null}, {""required"": ""תכנות מונחה עצמים"", ""alternative"": null}]","[""261011702"", ""261011702/1""]"
10117,מבני נתונים,תרגול,261011702/1,True,קיץ,א,17:00,20:00,מר גנוט יצחק,ז'2 קריה - עגלת תחשבים,פנוי,"[{""required"": ""מבוא למדעי המחשב"", ""alternative"": ""מבוא למדעי המחשב""}, {""required"": ""מבוא למדעי המחשב"", ""alternative"": ""מבוא לתכנות פיתון""}, {""required"": ""מבוא למדעי המחשב"", ""alternative"": ""מבוא לתכנות פיתון""}, {""required"": ""תכנות מונחה עצמים"", ""alternative"": null}, {""required"": ""תכנות מונחה עצמים"", ""alternative"": null}, {""required"": ""תכנות מונחה עצמים"", ""alternative"": null}]",[]
10117,מבני נתונים,תרגול,261011702/1,True,קיץ,ג,21:00,21:50,מר גנוט יצחק,קריה ה'11 מעב דואלי,פנוי,"[{""required"": ""מבוא למדעי המחשב"", ""alternative"": ""מבוא למדעי המחשב""}, {""required"": ""מבוא למדעי המחשב"", ""alternative"": ""מבוא לתכנות פיתון""}, {""required"": ""מבוא למדעי המחשב"", ""alternative"": ""מבוא לתכנות פיתון""}, {""required"": ""תכנות מונחה עצמים"", ""alternative"": null}, {""required"": ""תכנות מונחה עצמים"", ""alternative"": null}, {""required"": ""תכנות מונחה עצמים"", ""alternative"": null}]",[]
30215,מיזוג אוויר וחימום,סופי-הרצאה+תרגול,263021501,True,קיץ,א,17:00,18:50,"ד""ר מיטלמן גור",203 פיקוס,פנוי,"[{""required"": ""תרמודינמיקה 2"", ""alternative"": ""תרמודינמיקה""}, {""required"": ""מעבר חום"", ""alternative"": null}]","[""263021501"", ""263021501/1""]"
30215,מיזוג אוויר וחימום,סופי-הרצאה+תרגול,263021501,True,קיץ,ב,17:00,18:50,"ד""ר מיטלמן גור",208 פיקוס,פנוי,"[{""required"": ""תרמודינמיקה 2"", ""alternative"": ""תרמודינמיקה""}, {""required"": ""מעבר חום"", ""alternative"": null}]","[""263021501"", ""263021501/1""]"
30215,מיזוג אוויר וחימום,תרגול,263021501/1,True,קיץ,א,19:00,19:50,"ד""ר מיטלמן גור",203 פיקוס,פנוי,"[{""required"": ""תרמודינמיקה 2"", ""alternative"": ""תרמודינמיקה""}, {""required"": ""מעבר חום"", ""alternative"": null}]",[]
30215,מיזוג אוויר וחימום,תרגול,263021501/1,True,קיץ,ב,19:00,19:50,"ד""ר מיטלמן גור",208 פיקוס,פנוי,"[{""required"": ""תרמודינמיקה 2"", ""alternative"": ""תרמודינמיקה""}, {""required"": ""מעבר חום"", ""alternative"": null}]",[]
20129,מיקרו מעבדים ומיקרו בקרים,סופי-הרצאה+תרגול,262012901,True,קיץ,ב,17:00,19:50,"ד""ר אברמוב בנימין",354 מעב' אלקט'/תקשורת,מלא,"[{""required"": ""מבוא לתכנות"", ""alternative"": ""מבוא לתכנות""}, {""required"": ""מבנה מחשבים"", ""alternative"": ""ארכיטקטורת מחשבים ושפת סף""}, {""required"": ""מבנה מחשבים"", ""alternative"": ""ארגון המחשב ושפת סף""}]","[""262012901"", ""262012901/1""]"
20129,מיקרו מעבדים ומיקרו בקרים,סופי-הרצאה+תרגול,262012901,True,קיץ,ג,17:00,19:50,"ד""ר אברמוב בנימין",354 מעב' אלקט'/תקשורת,מלא,"[{""required"": ""מבוא לתכנות"", ""alternative"": ""מבוא לתכנות""}, {""required"": ""מבנה מחשבים"", ""alternative"": ""ארכיטקטורת מחשבים ושפת סף""}, {""required"": ""מבנה מחשבים"", ""alternative"": ""ארגון המחשב ושפת סף""}]","[""262012901"", ""262012901/1""]"
20129,מיקרו מעבדים ומיקרו בקרים,סופי-הרצאה+תרגול,262012902,True,קיץ,א,17:00,19:50,גב' מדינה דורית,355 מעב' אותות/משובצות,מלא,"[{""required"": ""מבוא לתכנות"", ""alternative"": ""מבוא לתכנות""}, {""required"": ""מבנה מחשבים"", ""alternative"": ""ארכיטקטורת מחשבים ושפת סף""}, {""required"": ""מבנה מחשבים"", ""alternative"": ""ארגון המחשב ושפת סף""}]","[""262012902"", ""262012902/1""]"
20129,מיקרו מעבדים ומיקרו בקרים,סופי-הרצאה+תרגול,262012902,True,קיץ,ב,17:00,19:50,גב' מדינה דורית,355 מעב' אותות/משובצות,מלא,"[{""required"": ""מבוא לתכנות"", ""alternative"": ""מבוא לתכנות""}, {""required"": ""מבנה מחשבים"", ""alternative"": ""ארכיטקטורת מחשבים ושפת סף""}, {""required"": ""מבנה מחשבים"", ""alternative"": ""ארגון המחשב ושפת סף""}]","[""262012902"", ""262012902/1""]"
20129,מיקרו מעבדים ומיקרו בקרים,תרגול,262012901/1,True,קיץ,ב,20:00,20:50,"ד""ר אברמוב בנימין",354 מעב' אלקט'/תקשורת,מלא,"[{""required"": ""מבוא לתכנות"", ""alternative"": ""מבוא לתכנות""}, {""required"": ""מבנה מחשבים"", ""alternative"": ""ארכיטקטורת מחשבים ושפת סף""}, {""required"": ""מבנה מחשבים"", ""alternative"": ""ארגון המחשב ושפת סף""}]",[]
20129,מיקרו מעבדים ומיקרו בקרים,תרגול,262012901/1,True,קיץ,ג,20:00,20:50,"ד""ר אברמוב בנימין",354 מעב' אלקט'/תקשורת,מלא,"[{""required"": ""מבוא לתכנות"", ""alternative"": ""מבוא לתכנות""}, {""required"": ""מבנה מחשבים"", ""alternative"": ""ארכיטקטורת מחשבים ושפת סף""}, {""required"": ""מבנה מחשבים"", ""alternative"": ""ארגון המחשב ושפת סף""}]",[]
20129,מיקרו מעבדים ומיקרו בקרים,תרגול,262012902/1,True,קיץ,א,20:00,20:50,גב' מדינה דורית,355 מעב' אותות/משובצות,מלא,"[{""required"": ""מבוא לתכנות"", ""alternative"": ""מבוא לתכנות""}, {""required"": ""מבנה מחשבים"", ""alternative"": ""ארכיטקטורת מחשבים ושפת סף""}, {""required"": ""מבנה מחשבים"", ""alternative"": ""ארגון המחשב ושפת סף""}]",[]
20129,מיקרו מעבדים ומיקרו בקרים,תרגול,262012902/1,True,קיץ,ב,20:00,20:50,גב' מדינה דורית,355 מעב' אותות/משובצות,מלא,"[{""required"": ""מבוא לתכנות"", ""alternative"": ""מבוא לתכנות""}, {""required"": ""מבנה מחשבים"", ""alternative"": ""ארכיטקטורת מחשבים ושפת סף""}, {""required"": ""מבנה מחשבים"", ""alternative"": ""ארגון המחשב ושפת סף""}]",[]
20367,מעבדה לאלקטרוניקה ספרתית,סופי-מעבדה,262036709,True,קיץ,ג,08:00,13:50,מר לבנת מיקי,355 מעב' אותות/משובצות,פנוי,"[{""required"": ""מעבדת מערכות ספרתיות"", ""alternative"": ""מעבדת מערכות ספרתיות""}, {""required"": ""אלקטרוניקה ספרתית"", ""alternative"": null}]",[]
20135,מעבדת בקרה,סופי-מעבדה,262013501,True,קיץ,ב,20:00,22:50,מר חצקלביץ רון חיים,052 מעב' אלקט'/בקרים/רובוטיקה,פנוי,"[{""required"": ""מבוא לבקרה"", ""alternative"": ""תורת הבקרה""}]",[]
20135,מעבדת בקרה,סופי-מעבדה,262013501,True,קיץ,ג,20:00,22:50,מר חצקלביץ רון חיים,052 מעב' אלקט'/בקרים/רובוטיקה,פנוי,"[{""required"": ""מבוא לבקרה"", ""alternative"": ""תורת הבקרה""}]",[]
20135,מעבדת בקרה,סופי-מעבדה,262013502,True,קיץ,א,17:00,19:50,מר מלמד יוסף,052 מעב' אלקט'/בקרים/רובוטיקה,פנוי,"[{""required"": ""מבוא לבקרה"", ""alternative"": ""תורת הבקרה""}]",[]
20135,מעבדת בקרה,סופי-מעבדה,262013502,True,קיץ,ד,20:00,22:50,מר מלמד יוסף,052 מעב' אלקט'/בקרים/רובוטיקה,פנוי,"[{""required"": ""מבוא לבקרה"", ""alternative"": ""תורת הבקרה""}]",[]
20812,מעבדת בקרים,סופי-מעבדה,262081207,True,קיץ,א,20:00,22:50,מר מלמד יוסף,052 מעב' אלקט'/בקרים/רובוטיקה,פנוי,"[{""required"": ""אלקטרוניקה"", ""alternative"": ""מעבדת חשמל ואלקטרוניקה""}, {""required"": ""תורת הבקרה"", ""alternative"": null}]",[]
20812,מעבדת בקרים,סופי-מעבדה,262081207,True,קיץ,ד,17:00,19:50,מר מלמד יוסף,052 מעב' אלקט'/בקרים/רובוטיקה,פנוי,"[{""required"": ""אלקטרוניקה"", ""alternative"": ""מעבדת חשמל ואלקטרוניקה""}, {""required"": ""תורת הבקרה"", ""alternative"": null}]",[]
20812,מעבדת בקרים,סופי-מעבדה,262081208,True,קיץ,ג,17:00,19:50,מר גבאי יוסף,052 מעב' אלקט'/בקרים/רובוטיקה,פנוי,"[{""required"": ""אלקטרוניקה"", ""alternative"": ""מעבדת חשמל ואלקטרוניקה""}, {""required"": ""תורת הבקרה"", ""alternative"": null}]",[]
20812,מעבדת בקרים,סופי-מעבדה,262081208,True,קיץ,ה,17:00,19:50,מר גבאי יוסף,052 מעב' אלקט'/בקרים/רובוטיקה,פנוי,"[{""required"": ""אלקטרוניקה"", ""alternative"": ""מעבדת חשמל ואלקטרוניקה""}, {""required"": ""תורת הבקרה"", ""alternative"": null}]",[]
90918,מעבדת פיזיקה מכניקה,סופי-מעבדה,269091813,True,קיץ,ג,19:00,20:50,מר חסנוב אולג,002 מעב' פיזיקה ואופטיקה,רשימת המתנה,"[{""required"": ""פיזיקה-מכניקה"", ""alternative"": null}]",[]
90918,מעבדת פיזיקה מכניקה,סופי-מעבדה,269091813,True,קיץ,ג,21:00,22:50,מר חסנוב אולג,002 מעב' פיזיקה ואופטיקה,רשימת המתנה,"[{""required"": ""פיזיקה-מכניקה"", ""alternative"": null}]",[]
90918,מעבדת פיזיקה מכניקה,סופי-מעבדה,269091814,True,קיץ,ג,17:00,18:50,מר חסנוב אולג,002 מעב' פיזיקה ואופטיקה,פנוי,"[{""required"": ""פיזיקה-מכניקה"", ""alternative"": null}]",[]
90918,מעבדת פיזיקה מכניקה,סופי-מעבדה,269091814,True,קיץ,ה,21:00,22:50,מר חסנוב אולג,002 מעב' פיזיקה ואופטיקה,פנוי,"[{""required"": ""פיזיקה-מכניקה"", ""alternative"": null}]",[]
30163,מעבדת תהליכי ייצור,סופי-מעבדה,263016309,True,קיץ,ד,17:00,18:50,מר נסאר עודאי,004 מעב'-זרימה/מ.חום/מדידות,מלא,"[{""required"": ""גרפיקה הנדסית 1"", ""alternative"": ""גרפיקה הנדסית להנדסה רפואית""}, {""required"": ""גרפיקה הנדסית 2"", ""alternative"": null}, {""required"": ""תורת החומרים"", ""alternative"": ""תורת החומרים 1""}, {""required"": ""תהליכי ייצור"", ""alternative"": ""תהליכי ייצור""}]",[]
30163,מעבדת תהליכי ייצור,סופי-מעבדה,263016309,True,קיץ,ד,19:00,20:50,מר נסאר עודאי,004 מעב'-זרימה/מ.חום/מדידות,מלא,"[{""required"": ""גרפיקה הנדסית 1"", ""alternative"": ""גרפיקה הנדסית להנדסה רפואית""}, {""required"": ""גרפיקה הנדסית 2"", ""alternative"": null}, {""required"": ""תורת החומרים"", ""alternative"": ""תורת החומרים 1""}, {""required"": ""תהליכי ייצור"", ""alternative"": ""תהליכי ייצור""}]",[]
10303,מערכות הפעלה,סופי-הרצאה+תרגול,261030301,True,קיץ,ג,17:00,19:50,"ד""ר בינסקי הדר",ז'2 קריה - עגלת תחשבים,מלא,"[{""required"": ""מבוא לתכנות מערכות"", ""alternative"": null}, {""required"": ""ארגון המחשב ושפת סף"", ""alternative"": ""ארכיטקטורת מחשבים ושפת סף""}]","[""261030301"", ""261030301/1""]"
10303,מערכות הפעלה,סופי-הרצאה+תרגול,261030301,True,קיץ,ד,17:00,19:50,"ד""ר בינסקי הדר",קריה ה'11 מעב דואלי,מלא,"[{""required"": ""מבוא לתכנות מערכות"", ""alternative"": null}, {""required"": ""ארגון המחשב ושפת סף"", ""alternative"": ""ארכיטקטורת מחשבים ושפת סף""}]","[""261030301"", ""261030301/1""]"
10303,מערכות הפעלה,תרגול,261030301/1,True,קיץ,ג,20:00,20:50,"ד""ר בינסקי הדר",ז'2 קריה - עגלת תחשבים,מלא,"[{""required"": ""מבוא לתכנות מערכות"", ""alternative"": null}, {""required"": ""ארגון המחשב ושפת סף"", ""alternative"": ""ארכיטקטורת מחשבים ושפת סף""}]",[]
10303,מערכות הפעלה,תרגול,261030301/1,True,קיץ,ד,20:00,20:50,"ד""ר בינסקי הדר",קריה ה'11 מעב דואלי,מלא,"[{""required"": ""מבוא לתכנות מערכות"", ""alternative"": null}, {""required"": ""ארגון המחשב ושפת סף"", ""alternative"": ""ארכיטקטורת מחשבים ושפת סף""}]",[]
40270,מערכות מידע לתכנון תחבורה,סופי-הרצאה+תרגול,264027001,True,קיץ,א,17:00,18:50,"ד""ר בירפיר גנאדי",205 פיקוס,פנוי,"[{""required"": ""בסיסי נתונים"", ""alternative"": ""בסיסי נתונים""}]","[""264027001"", ""264027001/1""]"
40270,מערכות מידע לתכנון תחבורה,סופי-הרצאה+תרגול,264027001,True,קיץ,ד,17:00,18:50,"ד""ר בירפיר גנאדי",208 פיקוס,פנוי,"[{""required"": ""בסיסי נתונים"", ""alternative"": ""בסיסי נתונים""}]","[""264027001"", ""264027001/1""]"
40270,מערכות מידע לתכנון תחבורה,תרגול,264027001/1,True,קיץ,א,19:00,19:50,"ד""ר בירפיר גנאדי",205 פיקוס,פנוי,"[{""required"": ""בסיסי נתונים"", ""alternative"": ""בסיסי נתונים""}]",[]
40270,מערכות מידע לתכנון תחבורה,תרגול,264027001/1,True,קיץ,ד,19:00,19:50,"ד""ר בירפיר גנאדי",208 פיקוס,פנוי,"[{""required"": ""בסיסי נתונים"", ""alternative"": ""בסיסי נתונים""}]",[]
30339,מערכות ממוחשבות ברכב,סופי-הרצאה+תרגול,263033901,True,קיץ,ו,14:00,15:50,,מחוץ למכללה,פנוי,[],"[""263033901"", ""263033901/1""]"
30339,מערכות ממוחשבות ברכב,סופי-הרצאה+תרגול,263033901,True,קיץ,ו,16:00,17:50,,מחוץ למכללה,פנוי,[],"[""263033901"", ""263033901/1""]"
30339,מערכות ממוחשבות ברכב,תרגול,263033901/1,True,קיץ,ו,18:00,19:50,,מחוץ למכללה,פנוי,[],[]
7202,מתמטיקה - מכינה בדרך לאפקה,סופי-הרצאה,260720203,True,קיץ,א,17:00,21:50,גב' נגר איריס,עתידים 2314,פנוי,[],[]
7202,מתמטיקה - מכינה בדרך לאפקה,סופי-הרצאה,260720203,True,קיץ,ו,08:00,12:50,גב' נגר איריס,עתידים 2314,פנוי,[],[]
7202,מתמטיקה - מכינה בדרך לאפקה,סופי-הרצאה,260720204,True,קיץ,א,08:00,11:50,גב' גניסלב אסנת,עתידים 2314,פנוי,[],[]
7202,מתמטיקה - מכינה בדרך לאפקה,סופי-הרצאה,260720204,True,קיץ,ב,13:00,16:50,גב' נמירובסקי אירינה,עתידים 2314,פנוי,[],[]
7202,מתמטיקה - מכינה בדרך לאפקה,סופי-הרצאה,260720204,True,קיץ,ד,08:00,11:50,גב' גניסלב אסנת,עתידים 2314,פנוי,[],[]
7202,מתמטיקה - מכינה בדרך לאפקה,סופי-הרצאה,260720205,True,קיץ,א,08:00,12:50,גב' בילצ'ינסקי דינה,עתידים 2304,פנוי,[],[]
7202,מתמטיקה - מכינה בדרך לאפקה,סופי-הרצאה,260720205,True,קיץ,ג,08:00,11:50,גב' בילצ'ינסקי דינה,עתידים 2314,פנוי,[],[]
7202,מתמטיקה - מכינה בדרך לאפקה,סופי-הרצאה,260720205,True,קיץ,ה,08:00,12:50,גב' בילצ'ינסקי דינה,עתידים 2314,פנוי,[],[]
7202,מתמטיקה - מכינה בדרך לאפקה,סופי-הרצאה,260720206,True,קיץ,א,14:00,18:50,גב' עזרא גלית,עתידים 2311,פנוי,[],[]
7202,מתמטיקה - מכינה בדרך לאפקה,סופי-הרצאה,260720206,True,קיץ,ד,08:00,12:50,גב' עזרא גלית,עתידים 2304,פנוי,[],[]
7202,מתמטיקה - מכינה בדרך לאפקה,סופי-הרצאה,260720206,True,קיץ,ה,08:00,12:50,גב' עזרא גלית,עתידים 2316,פנוי,[],[]
7202,מתמטיקה - מכינה בדרך לאפקה,סופי-הרצאה,260720207,True,קיץ,ב,08:00,11:50,מר כרמון שי,עתידים 2311,מלא,[],[]
7202,מתמטיקה - מכינה בדרך לאפקה,סופי-הרצאה,260720207,True,קיץ,ג,13:00,17:50,מר כרמון שי,עתידים 2313,מלא,[],[]
7202,מתמטיקה - מכינה בדרך לאפקה,סופי-הרצאה,260720207,True,קיץ,ה,08:00,12:50,מר כרמון שי,עתידים 2304,מלא,[],[]
90926,מתמטיקה בדידה,סופי-הרצאה+תרגול,269092607,True,קיץ,א,17:00,20:50,,קריה ה'7,רשימת המתנה,[],"[""269092607"", ""269092607/1""]"
90926,מתמטיקה בדידה,סופי-הרצאה+תרגול,269092607,True,קיץ,ב,17:00,18:50,,קריה ג'6,רשימת המתנה,[],"[""269092607"", ""269092607/1""]"
90926,מתמטיקה בדידה,סופי-הרצאה+תרגול,269092607,True,קיץ,ג,17:00,18:50,,קריה  ה'9,רשימת המתנה,[],"[""269092607"", ""269092607/1""]"
90926,מתמטיקה בדידה,תרגול,269092607/1,True,קיץ,ב,19:00,20:50,מר ויינר בועז,קריה ג'6,פנוי,[],[]
90926,מתמטיקה בדידה,תרגול,269092607/1,True,קיץ,ג,19:00,20:50,מר ויינר בועז,קריה ה'5,פנוי,[],[]
20360,מתקני מתח נמוך,סופי-הרצאה+תרגול,262036001,True,קיץ,א,17:00,18:50,מר אביטבול יעקב,207 פיקוס,מלא,"[{""required"": ""מערכות הספק א'"", ""alternative"": null}]","[""262036001"", ""262036001/1""]"
20360,מתקני מתח נמוך,סופי-הרצאה+תרגול,262036001,True,קיץ,א,20:00,21:50,מר אביטבול יעקב,207 פיקוס,מלא,"[{""required"": ""מערכות הספק א'"", ""alternative"": null}]","[""262036001"", ""262036001/1""]"
20360,מתקני מתח נמוך,תרגול,262036001/1,True,קיץ,א,19:00,19:50,מר אביטבול יעקב,207 פיקוס,מלא,"[{""required"": ""מערכות הספק א'"", ""alternative"": null}]",[]
20360,מתקני מתח נמוך,תרגול,262036001/1,True,קיץ,א,22:00,22:50,מר אביטבול יעקב,207 פיקוס,מלא,"[{""required"": ""מערכות הספק א'"", ""alternative"": null}]",[]
40257,נושאים מתקדמים בבסיסי נתונים,סופי-הרצאה,264025704,True,קיץ,ב,20:00,22:50,"ד""ר פרי עומר",201 פיקוס,רשימת המתנה,"[{""required"": ""בסיסי נתונים"", ""alternative"": ""בסיסי נתונים""}]",[]
40257,נושאים מתקדמים בבסיסי נתונים,סופי-הרצאה,264025704,True,קיץ,ג,20:00,22:50,"ד""ר פרי עומר",204 פיקוס,רשימת המתנה,"[{""required"": ""בסיסי נתונים"", ""alternative"": ""בסיסי נתונים""}]",[]
40258,ניהול אג'יל של פרויקט סייבר,סופי-הרצאה+תרגול,264025801,True,קיץ,ד,17:00,18:50,מר קוך גדעון,207 פיקוס,פנוי,"[{""required"": ""טכנולוגיות אינטרנט למערכות מידע"", ""alternative"": ""טכנולוגיות אינטרנט למערכות מידע""}]","[""264025801"", ""264025801/1""]"
40258,ניהול אג'יל של פרויקט סייבר,סופי-הרצאה+תרגול,264025801,True,קיץ,ה,17:00,18:50,מר קוך גדעון,207 פיקוס,פנוי,"[{""required"": ""טכנולוגיות אינטרנט למערכות מידע"", ""alternative"": ""טכנולוגיות אינטרנט למערכות מידע""}]","[""264025801"", ""264025801/1""]"
40258,ניהול אג'יל של פרויקט סייבר,תרגול,264025801/1,True,קיץ,ד,19:00,19:50,מר קוך גדעון,207 פיקוס,פנוי,"[{""required"": ""טכנולוגיות אינטרנט למערכות מידע"", ""alternative"": ""טכנולוגיות אינטרנט למערכות מידע""}]",[]
40258,ניהול אג'יל של פרויקט סייבר,תרגול,264025801/1,True,קיץ,ה,19:00,19:50,מר קוך גדעון,207 פיקוס,פנוי,"[{""required"": ""טכנולוגיות אינטרנט למערכות מידע"", ""alternative"": ""טכנולוגיות אינטרנט למערכות מידע""}]",[]
40133,ניהול התפעול2,סופי-הרצאה+תרגול,264013304,True,קיץ,א,17:00,18:50,מר וולף רון,103 מעב' דואלי פיקוס,רשימת המתנה,"[{""required"": ""מבוא לחקר ביצועים"", ""alternative"": null}, {""required"": ""ניהול התפעול1"", ""alternative"": null}]","[""264013304"", ""264013304/1""]"
40133,ניהול התפעול2,סופי-הרצאה+תרגול,264013304,True,קיץ,ד,17:00,18:50,מר וולף רון,302 פיקוס,רשימת המתנה,"[{""required"": ""מבוא לחקר ביצועים"", ""alternative"": null}, {""required"": ""ניהול התפעול1"", ""alternative"": null}]","[""264013304"", ""264013304/1""]"
40133,ניהול התפעול2,תרגול,264013304/1,True,קיץ,א,19:00,20:50,מר וולף רון,103 מעב' דואלי פיקוס,פנוי,"[{""required"": ""מבוא לחקר ביצועים"", ""alternative"": null}, {""required"": ""ניהול התפעול1"", ""alternative"": null}]",[]
40133,ניהול התפעול2,תרגול,264013304/1,True,קיץ,ד,19:00,20:50,מר וולף רון,302 פיקוס,פנוי,"[{""required"": ""מבוא לחקר ביצועים"", ""alternative"": null}, {""required"": ""ניהול התפעול1"", ""alternative"": null}]",[]
40235,ניתוח נתונים בשפת R,סופי-הרצאה+תרגול,264023502,True,קיץ,ב,19:00,20:50,מר שמטניק פבל,103 מעב' דואלי פיקוס,פנוי,"[{""required"": ""מבוא למדעי המחשב"", ""alternative"": ""מבוא לתכנות פיתון""}, {""required"": ""מבוא למדעי המחשב"", ""alternative"": ""מבוא לתכנות פיתון""}, {""required"": ""הסקה סטטיסטית"", ""alternative"": ""סטטיסטיקה""}, {""required"": ""הסקה סטטיסטית"", ""alternative"": ""הסקה סטטיסטית""}, {""required"": ""שיטות סטטיסטיות בניתוח נתונים"", ""alternative"": null}]","[""264023502"", ""264023502/1""]"
40235,ניתוח נתונים בשפת R,סופי-הרצאה+תרגול,264023502,True,קיץ,ו,08:00,09:50,מר שמטניק פבל,201 פיקוס,פנוי,"[{""required"": ""מבוא למדעי המחשב"", ""alternative"": ""מבוא לתכנות פיתון""}, {""required"": ""מבוא למדעי המחשב"", ""alternative"": ""מבוא לתכנות פיתון""}, {""required"": ""הסקה סטטיסטית"", ""alternative"": ""סטטיסטיקה""}, {""required"": ""הסקה סטטיסטית"", ""alternative"": ""הסקה סטטיסטית""}, {""required"": ""שיטות סטטיסטיות בניתוח נתונים"", ""alternative"": null}]","[""264023502"", ""264023502/1""]"
40235,ניתוח נתונים בשפת R,תרגול,264023502/1,True,קיץ,ו,10:00,11:50,מר שמטניק פבל,201 פיקוס,פנוי,"[{""required"": ""מבוא למדעי המחשב"", ""alternative"": ""מבוא לתכנות פיתון""}, {""required"": ""מבוא למדעי המחשב"", ""alternative"": ""מבוא לתכנות פיתון""}, {""required"": ""הסקה סטטיסטית"", ""alternative"": ""סטטיסטיקה""}, {""required"": ""הסקה סטטיסטית"", ""alternative"": ""הסקה סטטיסטית""}, {""required"": ""שיטות סטטיסטיות בניתוח נתונים"", ""alternative"": null}]",[]
10237,ניתוח רשתות חברתיות,סופי-הרצאה+תרגול,261023702,True,קיץ,ב,17:00,18:50,"ד""ר מן מיכאל",200 פיקוס,רשימת המתנה,"[{""required"": ""הסקה סטטיסטית"", ""alternative"": null}, {""required"": ""מבוא להסתברות"", ""alternative"": null}]","[""261023702"", ""261023702/1""]"
10237,ניתוח רשתות חברתיות,סופי-הרצאה+תרגול,261023702,True,קיץ,ב,20:00,21:50,"ד""ר מן מיכאל",200 פיקוס,רשימת המתנה,"[{""required"": ""הסקה סטטיסטית"", ""alternative"": null}, {""required"": ""מבוא להסתברות"", ""alternative"": null}]","[""261023702"", ""261023702/1""]"
10237,ניתוח רשתות חברתיות,תרגול,261023702/1,True,קיץ,ב,19:00,19:50,"ד""ר מן מיכאל",200 פיקוס,פנוי,"[{""required"": ""הסקה סטטיסטית"", ""alternative"": null}, {""required"": ""מבוא להסתברות"", ""alternative"": null}]",[]
10237,ניתוח רשתות חברתיות,תרגול,261023702/1,True,קיץ,ב,22:00,22:50,"ד""ר מן מיכאל",200 פיקוס,פנוי,"[{""required"": ""הסקה סטטיסטית"", ""alternative"": null}, {""required"": ""מבוא להסתברות"", ""alternative"": null}]",[]
40265,סוגיות אתיות במערכות מידע,סופי-הרצאה,264026501,True,קיץ,ג,17:00,18:50,"ד""ר זילברשלג שמעון",302 פיקוס,רשימת המתנה,"[{""required"": ""מבוא למערכות מידע"", ""alternative"": ""מבוא למערכות מידע""}, {""required"": ""ארגונים בעידן הדיגיטלי"", ""alternative"": ""ארגונים בעידן הדיגיטלי""}, {""required"": ""ארגונים בעידן הדיגיטלי"", ""alternative"": ""התנהגות ארגונית""}]",[]
40265,סוגיות אתיות במערכות מידע,סופי-הרצאה,264026501,True,קיץ,ג,19:00,20:50,"ד""ר זילברשלג שמעון",302 פיקוס,רשימת המתנה,"[{""required"": ""מבוא למערכות מידע"", ""alternative"": ""מבוא למערכות מידע""}, {""required"": ""ארגונים בעידן הדיגיטלי"", ""alternative"": ""ארגונים בעידן הדיגיטלי""}, {""required"": ""ארגונים בעידן הדיגיטלי"", ""alternative"": ""התנהגות ארגונית""}]",[]
30135,סטטיקה של גוף קשיח,סופי-הרצאה+תרגול,263013504,True,קיץ,א,17:00,19:50,"ד""ר אלבוחר אורי",102 פיקוס,פנוי,"[{""required"": ""קורס הכנה פיזיקה"", ""alternative"": ""פיזיקה - מכינה בדרך לאפקה""}, {""required"": ""חשבון דיפרנציאלי אינטגרלי1"", ""alternative"": null}, {""required"": ""פיזיקה-מכניקה"", ""alternative"": null}]","[""263013504"", ""263013504/1""]"
30135,סטטיקה של גוף קשיח,סופי-הרצאה+תרגול,263013504,True,קיץ,ד,17:00,19:50,"ד""ר אלבוחר אורי",114-פיקוס סיסקו וגם פרונטלי,פנוי,"[{""required"": ""קורס הכנה פיזיקה"", ""alternative"": ""פיזיקה - מכינה בדרך לאפקה""}, {""required"": ""חשבון דיפרנציאלי אינטגרלי1"", ""alternative"": null}, {""required"": ""פיזיקה-מכניקה"", ""alternative"": null}]","[""263013504"", ""263013504/1""]"
30135,סטטיקה של גוף קשיח,תרגול,263013504/1,True,קיץ,ד,20:00,21:50,"ד""ר אלבוחר אורי",114-פיקוס סיסקו וגם פרונטלי,פנוי,"[{""required"": ""קורס הכנה פיזיקה"", ""alternative"": ""פיזיקה - מכינה בדרך לאפקה""}, {""required"": ""חשבון דיפרנציאלי אינטגרלי1"", ""alternative"": null}, {""required"": ""פיזיקה-מכניקה"", ""alternative"": null}]",[]
30327,עיצוב תעשייתי,סופי-הרצאה+תרגול,263032701,True,קיץ,ו,08:00,09:50,מר אליעזר נמרוד ז'ק,202 פיקוס,פנוי,"[{""required"": ""תיב\""ם"", ""alternative"": ""תיב\""ם""}]","[""263032701"", ""263032701/1""]"
30327,עיצוב תעשייתי,תרגול,263032701/1,True,קיץ,ו,10:00,11:50,מר אליעזר נמרוד ז'ק,202 פיקוס,פנוי,"[{""required"": ""תיב\""ם"", ""alternative"": ""תיב\""ם""}]",[]
90903,פיזיקה-מכניקה,סופי-הרצאה+תרגול,269090311,True,קיץ,ב,16:00,19:50,"ד""ר סמוליק אלה",205 פיקוס,פנוי,"[{""required"": ""קורס הכנה פיזיקה"", ""alternative"": ""פיזיקה - מכינה בדרך לאפקה""}]","[""269090311"", ""269090311/1""]"
90903,פיזיקה-מכניקה,סופי-הרצאה+תרגול,269090311,True,קיץ,ג,16:00,19:50,"ד""ר סמוליק אלה",205 פיקוס,פנוי,"[{""required"": ""קורס הכנה פיזיקה"", ""alternative"": ""פיזיקה - מכינה בדרך לאפקה""}]","[""269090311"", ""269090311/1""]"
90903,פיזיקה-מכניקה,תרגול,269090311/1,True,קיץ,ה,10:00,11:50,מר רוזנבלום לוי,101 פיקוס,פנוי,"[{""required"": ""קורס הכנה פיזיקה"", ""alternative"": ""פיזיקה - מכינה בדרך לאפקה""}]",[]
90903,פיזיקה-מכניקה,תרגול,269090311/1,True,קיץ,ה,13:00,14:50,מר רוזנבלום לוי,101 פיקוס,פנוי,"[{""required"": ""קורס הכנה פיזיקה"", ""alternative"": ""פיזיקה - מכינה בדרך לאפקה""}]",[]
7201,פיזיקה - מכינה בדרך לאפקה,סופי-הרצאה,260720103,True,קיץ,ג,17:00,21:50,מר ויס ירון,עתידים 2315,פנוי,[],[]
7201,פיזיקה - מכינה בדרך לאפקה,סופי-הרצאה,260720103,True,קיץ,ו,11:00,12:50,מר ויס ירון,עתידים 2314,פנוי,[],[]
7201,פיזיקה - מכינה בדרך לאפקה,סופי-הרצאה,260720104,True,קיץ,א,13:00,15:50,מר אבישר עמיחי,עתידים 2314,פנוי,[],[]
7201,פיזיקה - מכינה בדרך לאפקה,סופי-הרצאה,260720104,True,קיץ,ב,08:00,11:50,מר אבישר עמיחי,עתידים 2314,פנוי,[],[]
7201,פיזיקה - מכינה בדרך לאפקה,סופי-הרצאה,260720104,True,קיץ,ד,13:00,15:50,מר אבישר עמיחי,עתידים 2315,פנוי,[],[]
7201,פיזיקה - מכינה בדרך לאפקה,סופי-הרצאה,260720105,True,קיץ,א,14:00,17:50,מר בסרגליק דניאל,עתידים 2305,פנוי,[],[]
7201,פיזיקה - מכינה בדרך לאפקה,סופי-הרצאה,260720105,True,קיץ,ג,13:00,16:50,מר בסרגליק דניאל,עתידים 2314,פנוי,[],[]
7201,פיזיקה - מכינה בדרך לאפקה,סופי-הרצאה,260720105,True,קיץ,ה,14:00,17:50,מר בסרגליק דניאל,עתידים 2315,פנוי,[],[]
7201,פיזיקה - מכינה בדרך לאפקה,סופי-הרצאה,260720106,True,קיץ,א,08:00,12:50,מר גורדין גריגורי,עתידים 2305,פנוי,[],[]
7201,פיזיקה - מכינה בדרך לאפקה,סופי-הרצאה,260720106,True,קיץ,ד,14:00,17:50,מר גורדין גריגורי,עתידים 2313,פנוי,[],[]
7201,פיזיקה - מכינה בדרך לאפקה,סופי-הרצאה,260720106,True,קיץ,ה,14:00,17:50,מר גורדין גריגורי,עתידים 2317,פנוי,[],[]
90904,פיזיקה חשמל ומגנטיות,סופי-הרצאה+תרגול,269090407,True,קיץ,ד,17:00,18:50,"ד""ר עצמון ישעיהו",205 פיקוס,רשימת המתנה,"[{""required"": ""פיזיקה-מכניקה"", ""alternative"": null}]","[""269090407"", ""269090407/1""]"
90904,פיזיקה חשמל ומגנטיות,סופי-הרצאה+תרגול,269090407,True,קיץ,ד,19:00,20:50,"ד""ר עצמון ישעיהו",205 פיקוס,רשימת המתנה,"[{""required"": ""פיזיקה-מכניקה"", ""alternative"": null}]","[""269090407"", ""269090407/1""]"
90904,פיזיקה חשמל ומגנטיות,סופי-הרצאה+תרגול,269090407,True,קיץ,ו,08:00,11:50,"ד""ר עצמון ישעיהו",205 פיקוס,רשימת המתנה,"[{""required"": ""פיזיקה-מכניקה"", ""alternative"": null}]","[""269090407"", ""269090407/1""]"
90904,פיזיקה חשמל ומגנטיות,תרגול,269090407/1,True,קיץ,ה,17:00,18:50,מר חסנוב אולג,114-פיקוס סיסקו וגם פרונטלי,פנוי,"[{""required"": ""פיזיקה-מכניקה"", ""alternative"": null}]",[]
90904,פיזיקה חשמל ומגנטיות,תרגול,269090407/1,True,קיץ,ה,19:00,20:50,מר חסנוב אולג,114-פיקוס סיסקו וגם פרונטלי,פנוי,"[{""required"": ""פיזיקה-מכניקה"", ""alternative"": null}]",[]
90939,"פיזיקה2 לתעו""נ",סופי-הרצאה+תרגול,269093905,True,קיץ,א,17:00,19:50,"ד""ר עצמון ישעיהו",302 פיקוס,פנוי,"[{""required"": ""פיזיקה1 לתעו\""נ"", ""alternative"": ""פיזיקה-מכניקה""}]","[""269093905"", ""269093905/1""]"
90939,"פיזיקה2 לתעו""נ",סופי-הרצאה+תרגול,269093905,True,קיץ,ה,17:00,19:50,"ד""ר עצמון ישעיהו",201 פיקוס,פנוי,"[{""required"": ""פיזיקה1 לתעו\""נ"", ""alternative"": ""פיזיקה-מכניקה""}]","[""269093905"", ""269093905/1""]"
90939,"פיזיקה2 לתעו""נ",תרגול,269093905/1,True,קיץ,א,20:00,21:50,"ד""ר עצמון ישעיהו",302 פיקוס,פנוי,"[{""required"": ""פיזיקה1 לתעו\""נ"", ""alternative"": ""פיזיקה-מכניקה""}]",[]
20411,פרויקט גמר חלק א',סופי-הרצאה,262041101,True,קיץ,ד,17:00,18:50,"ד""ר עמר ניסים",201 פיקוס,פנוי,"[{""required"": ""מבוא לתקשורת"", ""alternative"": null}, {""required"": ""מבוא לבקרה"", ""alternative"": null}, {""required"": ""אלקטרוניקה תקבילית"", ""alternative"": ""מעגלים אלקטרוניים אנלוגיים2""}, {""required"": ""מבוא לעיבוד ספרתי של אותות"", ""alternative"": ""מבוא לעיבוד ספרתי של אותות""}, {""required"": ""מבנה מחשבים"", ""alternative"": ""ארגון המחשב ושפת סף""}, {""required"": ""אלקטרוניקה ספרתית"", ""alternative"": null}]",[]
20411,פרויקט גמר חלק א',סופי-הרצאה,262041101,True,קיץ,ד,19:00,20:50,"ד""ר עמר ניסים",201 פיקוס,פנוי,"[{""required"": ""מבוא לתקשורת"", ""alternative"": null}, {""required"": ""מבוא לבקרה"", ""alternative"": null}, {""required"": ""אלקטרוניקה תקבילית"", ""alternative"": ""מעגלים אלקטרוניים אנלוגיים2""}, {""required"": ""מבוא לעיבוד ספרתי של אותות"", ""alternative"": ""מבוא לעיבוד ספרתי של אותות""}, {""required"": ""מבנה מחשבים"", ""alternative"": ""ארגון המחשב ושפת סף""}, {""required"": ""אלקטרוניקה ספרתית"", ""alternative"": null}]",[]
20411,פרויקט גמר חלק א',סופי-הרצאה,262041105,True,קיץ,ב,17:00,18:50,"ד""ר עמר ניסים",207 פיקוס,פנוי,"[{""required"": ""מבוא לתקשורת"", ""alternative"": null}, {""required"": ""מבוא לבקרה"", ""alternative"": null}, {""required"": ""אלקטרוניקה תקבילית"", ""alternative"": ""מעגלים אלקטרוניים אנלוגיים2""}, {""required"": ""מבוא לעיבוד ספרתי של אותות"", ""alternative"": ""מבוא לעיבוד ספרתי של אותות""}, {""required"": ""מבנה מחשבים"", ""alternative"": ""ארגון המחשב ושפת סף""}, {""required"": ""אלקטרוניקה ספרתית"", ""alternative"": null}]",[]
20411,פרויקט גמר חלק א',סופי-הרצאה,262041105,True,קיץ,ב,19:00,20:50,"ד""ר עמר ניסים",207 פיקוס,פנוי,"[{""required"": ""מבוא לתקשורת"", ""alternative"": null}, {""required"": ""מבוא לבקרה"", ""alternative"": null}, {""required"": ""אלקטרוניקה תקבילית"", ""alternative"": ""מעגלים אלקטרוניים אנלוגיים2""}, {""required"": ""מבוא לעיבוד ספרתי של אותות"", ""alternative"": ""מבוא לעיבוד ספרתי של אותות""}, {""required"": ""מבנה מחשבים"", ""alternative"": ""ארגון המחשב ושפת סף""}, {""required"": ""אלקטרוניקה ספרתית"", ""alternative"": null}]",[]
10411,פרויקט גמר חלק א',סופי-הרצאה,261041101,True,קיץ,ב,17:00,18:50,מר איסקוב גיא,ז'2 קריה - עגלת תחשבים,פנוי,"[{""required"": ""תיכון מונחה עצמים"", ""alternative"": null}, {""required"": ""תכנון וניתוח אלגוריתמים"", ""alternative"": ""אלגוריתמים ומבנה נתונים להנדסת חשמל""}, {""required"": ""בסיסי נתונים"", ""alternative"": ""בסיסי ומחסני נתונים""}, {""required"": ""בסיסי נתונים"", ""alternative"": ""בסיסי נתונים""}, {""required"": ""אימות תוכנה"", ""alternative"": ""פיזיקה חשמל ומגנטיות""}, {""required"": ""מידול מערכות תכנה"", ""alternative"": ""שיטות בהנדסת תוכנה""}, {""required"": ""ארכיטקטורת מערכות  תוכנה"", ""alternative"": ""שיטות בהנדסת תוכנה""}]",[]
10411,פרויקט גמר חלק א',סופי-הרצאה,261041101,True,קיץ,ב,19:00,20:50,מר איסקוב גיא,ז'2 קריה - עגלת תחשבים,פנוי,"[{""required"": ""תיכון מונחה עצמים"", ""alternative"": null}, {""required"": ""תכנון וניתוח אלגוריתמים"", ""alternative"": ""אלגוריתמים ומבנה נתונים להנדסת חשמל""}, {""required"": ""בסיסי נתונים"", ""alternative"": ""בסיסי ומחסני נתונים""}, {""required"": ""בסיסי נתונים"", ""alternative"": ""בסיסי נתונים""}, {""required"": ""אימות תוכנה"", ""alternative"": ""פיזיקה חשמל ומגנטיות""}, {""required"": ""מידול מערכות תכנה"", ""alternative"": ""שיטות בהנדסת תוכנה""}, {""required"": ""ארכיטקטורת מערכות  תוכנה"", ""alternative"": ""שיטות בהנדסת תוכנה""}]",[]
10334,קומפילציה,סופי-הרצאה+תרגול,261033408,True,קיץ,ג,17:00,19:50,"ד""ר גוטנר שי",קריה ה'7,מלא,"[{""required"": ""מודלים חישוביים"", ""alternative"": ""מודלים חישוביים""}]","[""261033408"", ""261033408/1""]"
10334,קומפילציה,סופי-הרצאה+תרגול,261033408,True,קיץ,ד,17:00,19:50,"ד""ר גוטנר שי",קריה ה'7,מלא,"[{""required"": ""מודלים חישוביים"", ""alternative"": ""מודלים חישוביים""}]","[""261033408"", ""261033408/1""]"
10334,קומפילציה,תרגול,261033408/1,True,קיץ,ג,20:00,20:50,"ד""ר גוטנר שי",קריה ה'7,מלא,"[{""required"": ""מודלים חישוביים"", ""alternative"": ""מודלים חישוביים""}]",[]
10334,קומפילציה,תרגול,261033408/1,True,קיץ,ד,20:00,20:50,"ד""ר גוטנר שי",קריה ה'7,מלא,"[{""required"": ""מודלים חישוביים"", ""alternative"": ""מודלים חישוביים""}]",[]
147,קורס 1 דמי בדיקות אתי תומקס,סופי-הרצאה+תרגול,260014705,False,,,,,,,פנוי,[],[]
7013,קורס הכנה מתמטיקה - רענון,סופי-הרצאה,260701302,True,קיץ,ב,08:00,12:50,מר כהן יונתן,עתידים 2316,פנוי,[],[]
7013,קורס הכנה מתמטיקה - רענון,סופי-הרצאה,260701302,True,קיץ,ד,08:00,12:50,מר כהן יונתן,עתידים 2305,פנוי,[],[]
7013,קורס הכנה מתמטיקה - רענון,סופי-הרצאה,260701302,True,קיץ,ו,08:00,12:50,מר כהן יונתן,עתידים 2307,פנוי,[],[]
7012,קורס הכנה מתמטיקה,סופי-הרצאה,260701201,True,קיץ,א,17:00,21:50,גב' גרינשטיין נטליה,עתידים 2304,פנוי,[],[]
7012,קורס הכנה מתמטיקה,סופי-הרצאה,260701201,True,קיץ,ג,17:00,21:50,גב' גרינשטיין נטליה,עתידים 2314,פנוי,[],[]
7012,קורס הכנה מתמטיקה,סופי-הרצאה,260701201,True,קיץ,ו,08:00,12:50,גב' גרינשטיין נטליה,עתידים 2304,פנוי,[],[]
7014,קורס הכנה פיזיקה,סופי-הרצאה,260701407,True,קיץ,ב,17:00,21:50,מר אמבר עמית אדם,עתידים 2304,פנוי,[],[]
7014,קורס הכנה פיזיקה,סופי-הרצאה,260701407,True,קיץ,ד,17:00,21:50,מר אמבר עמית אדם,עתידים 2304,פנוי,[],[]
7014,קורס הכנה פיזיקה,סופי-הרצאה,260701408,True,קיץ,ב,08:00,12:50,מר אלקיים רמי,עתידים 2307,פנוי,[],[]
7014,קורס הכנה פיזיקה,סופי-הרצאה,260701408,True,קיץ,ד,08:00,12:50,מר אלקיים רמי,עתידים 2315,פנוי,[],[]
7014,קורס הכנה פיזיקה,סופי-הרצאה,260701409,True,קיץ,א,08:00,12:50,גב' בלובשטיין הראל אילנה,עתידים 2307,פנוי,[],[]
7014,קורס הכנה פיזיקה,סופי-הרצאה,260701409,True,קיץ,ג,08:00,12:50,גב' בלובשטיין הראל אילנה,עתידים 2307,פנוי,[],[]
7014,קורס הכנה פיזיקה,סופי-הרצאה,260701409,True,קיץ,ה,08:00,12:50,גב' בלובשטיין הראל אילנה,עתידים 2305,פנוי,[],[]
7014,קורס הכנה פיזיקה,סופי-הרצאה,260701410,True,קיץ,א,08:00,12:50,גב' אליהו דנה,עתידים 2313,פנוי,[],[]
7014,קורס הכנה פיזיקה,סופי-הרצאה,260701410,True,קיץ,ג,08:00,12:50,גב' אליהו דנה,עתידים 2313,פנוי,[],[]
7014,קורס הכנה פיזיקה,סופי-הרצאה,260701410,True,קיץ,ה,08:00,12:50,גב' אליהו דנה,עתידים 2307,פנוי,[],[]
7014,קורס הכנה פיזיקה,סופי-הרצאה,260701411,True,קיץ,ב,08:00,12:50,מר לניאדו דוד,עתידים 2313,פנוי,[],[]
7014,קורס הכנה פיזיקה,סופי-הרצאה,260701411,True,קיץ,ד,08:00,12:50,מר לניאדו דוד,עתידים 2316,פנוי,[],[]
7014,קורס הכנה פיזיקה,סופי-הרצאה,260701411,True,קיץ,ה,08:00,12:50,מר לניאדו דוד,עתידים 2313,פנוי,[],[]
7014,קורס הכנה פיזיקה,סופי-הרצאה,260701413,True,קיץ,א,08:00,12:50,מר שפירא יובל,עתידים 2315,פנוי,[],[]
7014,קורס הכנה פיזיקה,סופי-הרצאה,260701413,True,קיץ,ב,08:00,12:50,מר שפירא יובל,עתידים 2315,פנוי,[],[]
7014,קורס הכנה פיזיקה,סופי-הרצאה,260701413,True,קיץ,ג,08:00,12:50,מר שפירא יובל,עתידים 2315,פנוי,[],[]
7014,קורס הכנה פיזיקה,סופי-הרצאה,260701413,True,קיץ,ד,08:00,12:50,מר שפירא יובל,עתידים 2313,פנוי,[],[]
7014,קורס הכנה פיזיקה,סופי-הרצאה,260701413,True,קיץ,ה,08:00,12:50,מר שפירא יובל,עתידים 2315,פנוי,[],[]
7014,קורס הכנה פיזיקה,סופי-הרצאה,260701414,True,קיץ,א,13:00,17:50,מר אולבינסקי אלכסנדר,עתידים 2313,פנוי,[],[]
7014,קורס הכנה פיזיקה,סופי-הרצאה,260701414,True,קיץ,ב,13:00,17:50,מר אולבינסקי אלכסנדר,עתידים 2307,פנוי,[],[]
7014,קורס הכנה פיזיקה,סופי-הרצאה,260701414,True,קיץ,ג,13:00,17:50,מר אולבינסקי אלכסנדר,עתידים 2307,פנוי,[],[]
7014,קורס הכנה פיזיקה,סופי-הרצאה,260701414,True,קיץ,ד,13:00,17:50,מר אולבינסקי אלכסנדר,עתידים 2307,פנוי,[],[]
7014,קורס הכנה פיזיקה,סופי-הרצאה,260701414,True,קיץ,ה,13:00,17:50,מר אולבינסקי אלכסנדר,עתידים 2305,פנוי,[],[]
148,קורס1 דמי לבדיקות,סופי-הרצאה+תרגול,260014803,False,,,,,,,פנוי,[],[]
30235,שיטות חישוביות וסימולציות ממוחשבות במכני,סופי-הרצאה+תרגול,263023502,True,קיץ,ב,19:00,21:50,"ד""ר אלבוחר אורי",203 פיקוס,פנוי,"[{""required"": ""חוזק חומרים 2"", ""alternative"": null}, {""required"": ""משוואות דיפ' חלקיות"", ""alternative"": null}, {""required"": ""אנליזה נומרית"", ""alternative"": null}]","[""263023502"", ""263023502/1""]"
30235,שיטות חישוביות וסימולציות ממוחשבות במכני,סופי-הרצאה+תרגול,263023502,True,קיץ,ג,17:00,19:50,"ד""ר אלבוחר אורי",203 פיקוס,פנוי,"[{""required"": ""חוזק חומרים 2"", ""alternative"": null}, {""required"": ""משוואות דיפ' חלקיות"", ""alternative"": null}, {""required"": ""אנליזה נומרית"", ""alternative"": null}]","[""263023502"", ""263023502/1""]"
30235,שיטות חישוביות וסימולציות ממוחשבות במכני,תרגול,263023502/1,True,קיץ,א,20:00,21:50,"ד""ר אלבוחר אורי",102 פיקוס,פנוי,"[{""required"": ""חוזק חומרים 2"", ""alternative"": null}, {""required"": ""משוואות דיפ' חלקיות"", ""alternative"": null}, {""required"": ""אנליזה נומרית"", ""alternative"": null}]",[]
30164,תהליכי ייצור,סופי-הרצאה+תרגול,263016405,True,קיץ,א,17:00,18:50,"ד""ר שמואל רחל",114-פיקוס סיסקו וגם פרונטלי,מלא,"[{""required"": ""גרפיקה הנדסית 1"", ""alternative"": ""גרפיקה הנדסית להנדסה רפואית""}, {""required"": ""תורת החומרים"", ""alternative"": ""תורת החומרים 1""}]","[""263016405"", ""263016405/1""]"
30164,תהליכי ייצור,סופי-הרצאה+תרגול,263016405,True,קיץ,ו,11:00,12:50,"ד""ר שמואל רחל",114-פיקוס סיסקו וגם פרונטלי,מלא,"[{""required"": ""גרפיקה הנדסית 1"", ""alternative"": ""גרפיקה הנדסית להנדסה רפואית""}, {""required"": ""תורת החומרים"", ""alternative"": ""תורת החומרים 1""}]","[""263016405"", ""263016405/1""]"
30164,תהליכי ייצור,תרגול,263016405/1,True,קיץ,א,19:00,20:50,"ד""ר שמואל רחל",114-פיקוס סיסקו וגם פרונטלי,מלא,"[{""required"": ""גרפיקה הנדסית 1"", ""alternative"": ""גרפיקה הנדסית להנדסה רפואית""}, {""required"": ""תורת החומרים"", ""alternative"": ""תורת החומרים 1""}]",[]
10807,תכנות ותיכון מונחה עצמים,סופי-הרצאה+תרגול,261080705,True,קיץ,ב,17:00,18:50,,115 פיקוס,פנוי,"[{""required"": ""מבוא למדעי המחשב"", ""alternative"": ""מבוא לתכנות פיתון""}, {""required"": ""מבוא למדעי המחשב"", ""alternative"": ""מבוא לתכנות פיתון""}]","[""261080705"", ""261080705/1""]"
10807,תכנות ותיכון מונחה עצמים,סופי-הרצאה+תרגול,261080705,True,קיץ,ד,17:00,18:50,,204 פיקוס,פנוי,"[{""required"": ""מבוא למדעי המחשב"", ""alternative"": ""מבוא לתכנות פיתון""}, {""required"": ""מבוא למדעי המחשב"", ""alternative"": ""מבוא לתכנות פיתון""}]","[""261080705"", ""261080705/1""]"
10807,תכנות ותיכון מונחה עצמים,תרגול,261080705/1,True,קיץ,ב,19:00,20:50,,115 פיקוס,פנוי,"[{""required"": ""מבוא למדעי המחשב"", ""alternative"": ""מבוא לתכנות פיתון""}, {""required"": ""מבוא למדעי המחשב"", ""alternative"": ""מבוא לתכנות פיתון""}]",[]
10013,תקשורת מחשבים לתוכנה,סופי-הרצאה+תרגול,261001320,True,קיץ,א,17:00,19:50,"ד""ר בינסקי הדר",208 פיקוס,רשימת המתנה,"[{""required"": ""ארגון המחשב ושפת סף"", ""alternative"": ""ארכיטקטורת מחשבים ושפת סף""}]","[""261001320"", ""261001320/1""]"
10013,תקשורת מחשבים לתוכנה,סופי-הרצאה+תרגול,261001320,True,קיץ,ב,17:00,19:50,"ד""ר בינסקי הדר",055  פרונטלי בניין מעבדות,רשימת המתנה,"[{""required"": ""ארגון המחשב ושפת סף"", ""alternative"": ""ארכיטקטורת מחשבים ושפת סף""}]","[""261001320"", ""261001320/1""]"
10013,תקשורת מחשבים לתוכנה,מעבדה,261001321,True,קיץ,א,21:00,22:50,"ד""ר בינסקי הדר",114-פיקוס סיסקו וגם פרונטלי,פנוי,"[{""required"": ""ארגון המחשב ושפת סף"", ""alternative"": ""ארכיטקטורת מחשבים ושפת סף""}]",[]
10013,תקשורת מחשבים לתוכנה,תרגול,261001320/1,True,קיץ,א,20:00,20:50,"ד""ר בינסקי הדר",208 פיקוס,פנוי,"[{""required"": ""ארגון המחשב ושפת סף"", ""alternative"": ""ארכיטקטורת מחשבים ושפת סף""}]","[""261001321""]"
10013,תקשורת מחשבים לתוכנה,תרגול,261001320/1,True,קיץ,ב,20:00,20:50,"ד""ר בינסקי הדר",055  פרונטלי בניין מעבדות,פנוי,"[{""required"": ""ארגון המחשב ושפת סף"", ""alternative"": ""ארכיטקטורת מחשבים ושפת סף""}]","[""261001321""]"
80926,Gender Sexuality & Desire in Cyberspace,סופי-הרצאה,268092601,True,קיץ,א,08:00,11:50,"ד""ר נור עופר","מפ""ט תמר",פנוי,[],[]
80912,Selected Issues in Engineering Ethics,סופי-הרצאה,268091201,True,קיץ,ג,17:00,20:50,"ד""ר שהם יקותיאל","מפ""ט יעד",רשימת המתנה,[],[]
80940,Wonders of Human Language,סופי-הרצאה,268094001,True,קיץ,ד,09:00,12:50,"ד""ר שוורץ בריגיטה רחל","מפ""ט גפן",פנוי,"[{""required"": ""אנגלית מתקדמים א' (בינוניים)"", ""alternative"": null}]",[]
